Codigo_Departamento,Departamento,Codigo_Municipio,Municipio,Municipio_DIVIPOLA,Municipio_Poblacion,Municipio_REPS,Municipio_IPS_Complejidad,Municipio_IPS_Atencion_Capacidad
5,ANTIOQUIA,5001,Medellín,MEDELLÍN,Medellín,MEDELLÃN,MEDELLÃN,MEDELLÃN
5,ANTIOQUIA,5002,Abejorral,ABEJORRAL,Abejorral,ABEJORRAL,ABEJORRAL,ABEJORRAL
5,ANTIOQUIA,5004,Abriaquí,ABRIAQUÍ,Abriaquí,ABRIAQUÃ,ABRIAQUÃ,ABRIAQUÃ
5,ANTIOQUIA,5021,Alejandría,ALEJANDRÍA,Alejandría,ALEJANDRÃA,ALEJANDRÃA,ALEJANDRÃA
5,ANTIOQUIA,5030,Amagá,AMAGÁ,Amagá,AMAGÃ,AMAGÃ,AMAGÃ
5,ANTIOQUIA,5031,Amalfi,AMALFI,Amalfi,AMALFI,AMALFI,AMALFI
5,ANTIOQUIA,5034,Andes,ANDES,Andes,ANDES,ANDES,ANDES
5,ANTIOQUIA,5036,Angelópolis,ANGELÓPOLIS,Angelópolis,ANGELÃ“POLIS,ANGELÃ“POLIS,ANGELÃ“POLIS
5,ANTIOQUIA,5038,Angostura,ANGOSTURA,Angostura,ANGOSTURA,ANGOSTURA,ANGOSTURA
5,ANTIOQUIA,5040,Anorí,ANORÍ,Anorí,ANORÃ,ANORÃ,ANORÃ
5,ANTIOQUIA,5042,Santafé de Antioquia,SANTA FÉ DE ANTIOQUIA,Santafé de Antioquia,SANTAFÃ‰ DE ANTIOQUIA,SANTAFÃ‰ DE ANTIOQUIA,SANTAFÃ‰ DE ANTIOQUIA
5,ANTIOQUIA,5044,Anzá,ANZÁ,Anzá,ANZA,ANZA,ANZA
5,ANTIOQUIA,5045,Apartadó,APARTADÓ,Apartadó,APARTADÃ“,APARTADÃ“,APARTADÃ“
5,ANTIOQUIA,5051,Arboletes,ARBOLETES,Arboletes,ARBOLETES,ARBOLETES,ARBOLETES
5,ANTIOQUIA,5055,Argelia,ARGELIA,Argelia,ARGELIA,ARGELIA,ARGELIA
5,ANTIOQUIA,5059,Armenia,ARMENIA,Armenia,ARMENIA,ARMENIA,ARMENIA
5,ANTIOQUIA,5079,Barbosa,BARBOSA,Barbosa,BARBOSA,BARBOSA,BARBOSA
5,ANTIOQUIA,5086,Belmira,BELMIRA,Belmira,BELMIRA,BELMIRA,BELMIRA
5,ANTIOQUIA,5088,Bello,BELLO,Bello,BELLO,BELLO,BELLO
5,ANTIOQUIA,5091,Betania,BETANIA,Betania,BETANIA,BETANIA,BETANIA
5,ANTIOQUIA,5093,Betulia,BETULIA,Betulia,BETULIA,BETULIA,BETULIA
5,ANTIOQUIA,5101,Ciudad Bolívar,CIUDAD BOLÍVAR,Ciudad Bolívar,CIUDAD BOLÃVAR,CIUDAD BOLÃVAR,CIUDAD BOLÃVAR
5,ANTIOQUIA,5107,Briceño,BRICEÑO,Briceño,BRICEÃ‘O,BRICEÃ‘O,BRICEÃ‘O
5,ANTIOQUIA,5113,Buriticá,BURITICÁ,Buriticá,BURITICÃ,BURITICÃ,BURITICÃ
5,ANTIOQUIA,5120,Cáceres,CÁCERES,Cáceres,CÃCERES,CÃCERES,CÃCERES
5,ANTIOQUIA,5125,Caicedo,CAICEDO,Caicedo,CAICEDO,CAICEDO,CAICEDO
5,ANTIOQUIA,5129,Caldas,CALDAS,Caldas,CALDAS,CALDAS,CALDAS
5,ANTIOQUIA,5134,Campamento,CAMPAMENTO,Campamento,CAMPAMENTO,CAMPAMENTO,CAMPAMENTO
5,ANTIOQUIA,5138,Cañasgordas,CAÑASGORDAS,Cañasgordas,CAÃ‘ASGORDAS,CAÃ‘ASGORDAS,CAÃ‘ASGORDAS
5,ANTIOQUIA,5142,Caracolí,CARACOLÍ,Caracolí,CARACOLÃ,CARACOLÃ,CARACOLÃ
5,ANTIOQUIA,5145,Caramanta,CARAMANTA,Caramanta,CARAMANTA,CARAMANTA,CARAMANTA
5,ANTIOQUIA,5147,Carepa,CAREPA,Carepa,CAREPA,CAREPA,CAREPA
5,ANTIOQUIA,5148,El Carmen de Viboral,EL CARMEN DE VIBORAL,El Carmen de Viboral,EL CARMEN DE VIBORAL,EL CARMEN DE VIBORAL,EL CARMEN DE VIBORAL
5,ANTIOQUIA,5150,Carolina,CAROLINA,Carolina,CAROLINA,CAROLINA,CAROLINA
5,ANTIOQUIA,5154,Caucasia,CAUCASIA,Caucasia,CAUCASIA,CAUCASIA,CAUCASIA
5,ANTIOQUIA,5172,Chigorodó,CHIGORODÓ,Chigorodó,CHIGORODÃ“,CHIGORODÃ“,CHIGORODÃ“
5,ANTIOQUIA,5190,Cisneros,CISNEROS,Cisneros,CISNEROS,CISNEROS,CISNEROS
5,ANTIOQUIA,5197,Cocorná,COCORNÁ,Cocorná,COCORNÃ,COCORNÃ,COCORNÃ
5,ANTIOQUIA,5206,Concepción,CONCEPCIÓN,Concepción,CONCEPCIÃ“N,CONCEPCIÃ“N,CONCEPCIÃ“N
5,ANTIOQUIA,5209,Concordia,CONCORDIA,Concordia,CONCORDIA,CONCORDIA,CONCORDIA
5,ANTIOQUIA,5212,Copacabana,COPACABANA,Copacabana,COPACABANA,COPACABANA,COPACABANA
5,ANTIOQUIA,5234,Dabeiba,DABEIBA,Dabeiba,DABEIBA,DABEIBA,DABEIBA
5,ANTIOQUIA,5237,Donmatías,DONMATÍAS,Donmatías,DON MATÃAS,DON MATÃAS,DON MATÃAS
5,ANTIOQUIA,5240,Ebéjico,EBÉJICO,Ebéjico,EBÃ‰JICO,EBÃ‰JICO,EBÃ‰JICO
5,ANTIOQUIA,5250,El Bagre,EL BAGRE,El Bagre,EL BAGRE,EL BAGRE,EL BAGRE
5,ANTIOQUIA,5264,Entrerríos,ENTRERRÍOS,Entrerríos,ENTRERRIOS,ENTRERRIOS,ENTRERRIOS
5,ANTIOQUIA,5266,Envigado,ENVIGADO,Envigado,ENVIGADO,ENVIGADO,ENVIGADO
5,ANTIOQUIA,5282,Fredonia,FREDONIA,Fredonia,FREDONIA,FREDONIA,FREDONIA
5,ANTIOQUIA,5284,Frontino,FRONTINO,Frontino,FRONTINO,FRONTINO,FRONTINO
5,ANTIOQUIA,5306,Giraldo,GIRALDO,Giraldo,GIRALDO,GIRALDO,GIRALDO
5,ANTIOQUIA,5308,Girardota,GIRARDOTA,Girardota,GIRARDOTA,GIRARDOTA,GIRARDOTA
5,ANTIOQUIA,5310,Gómez Plata,GÓMEZ PLATA,Gómez Plata,GÃ“MEZ PLATA,GÃ“MEZ PLATA,GÃ“MEZ PLATA
5,ANTIOQUIA,5313,Granada,GRANADA,Granada,GRANADA,GRANADA,GRANADA
5,ANTIOQUIA,5315,Guadalupe,GUADALUPE,Guadalupe,GUADALUPE,GUADALUPE,GUADALUPE
5,ANTIOQUIA,5318,Guarne,GUARNE,Guarne,GUARNE,GUARNE,GUARNE
5,ANTIOQUIA,5321,Guatapé,GUATAPÉ,Guatapé,GUATAPE,GUATAPE,GUATAPE
5,ANTIOQUIA,5347,Heliconia,HELICONIA,Heliconia,HELICONIA,HELICONIA,HELICONIA
5,ANTIOQUIA,5353,Hispania,HISPANIA,Hispania,HISPANIA,HISPANIA,HISPANIA
5,ANTIOQUIA,5360,Itagüí,ITAGÜÍ,Itagüí,ITAGUI,ITAGUI,ITAGUI
5,ANTIOQUIA,5361,Ituango,ITUANGO,Ituango,ITUANGO,ITUANGO,ITUANGO
5,ANTIOQUIA,5364,Jardín,JARDÍN,Jardín,JARDÃN,JARDÃN,JARDÃN
5,ANTIOQUIA,5368,Jericó,JERICÓ,Jericó,JERICÃ“,JERICÃ“,JERICÃ“
5,ANTIOQUIA,5376,La Ceja,LA CEJA,La Ceja,LA CEJA,LA CEJA,LA CEJA
5,ANTIOQUIA,5380,La Estrella,LA ESTRELLA,La Estrella,LA ESTRELLA,LA ESTRELLA,LA ESTRELLA
5,ANTIOQUIA,5390,La Pintada,LA PINTADA,La Pintada,LA PINTADA,LA PINTADA,LA PINTADA
5,ANTIOQUIA,5400,La Unión,LA UNIÓN,La Unión,LA UNIÃ“N,LA UNIÃ“N,LA UNIÃ“N
5,ANTIOQUIA,5411,Liborina,LIBORINA,Liborina,LIBORINA,LIBORINA,LIBORINA
5,ANTIOQUIA,5425,Maceo,MACEO,Maceo,MACEO,MACEO,MACEO
5,ANTIOQUIA,5440,Marinilla,MARINILLA,Marinilla,MARINILLA,MARINILLA,MARINILLA
5,ANTIOQUIA,5467,Montebello,MONTEBELLO,Montebello,MONTEBELLO,MONTEBELLO,MONTEBELLO
5,ANTIOQUIA,5475,Murindó,MURINDÓ,Murindó,MURINDÃ“,MURINDÃ“,MURINDÃ“
5,ANTIOQUIA,5480,Mutatá,MUTATÁ,Mutatá,MUTATÃ,MUTATÃ,MUTATÃ
5,ANTIOQUIA,5483,Nariño,NARIÑO,Nariño,NARIÃ‘O,NARIÃ‘O,NARIÃ‘O
5,ANTIOQUIA,5490,Necoclí,NECOCLÍ,Necoclí,NECOCLÃ,NECOCLÃ,NECOCLÃ
5,ANTIOQUIA,5495,Nechí,NECHÍ,Nechí,NECHÃ,NECHÃ,NECHÃ
5,ANTIOQUIA,5501,Olaya,OLAYA,Olaya,OLAYA,OLAYA,OLAYA
5,ANTIOQUIA,5541,Peñol,PEÑOL,Peñol,PEÃ‘OL,PEÃ‘OL,PEÃ‘OL
5,ANTIOQUIA,5543,Peque,PEQUE,Peque,PEQUE,PEQUE,PEQUE
5,ANTIOQUIA,5576,Pueblorrico,PUEBLORRICO,Pueblorrico,PUEBLORRICO,PUEBLORRICO,PUEBLORRICO
5,ANTIOQUIA,5579,Puerto Berrío,PUERTO BERRÍO,Puerto Berrío,PUERTO BERRÃO,PUERTO BERRÃO,PUERTO BERRÃO
5,ANTIOQUIA,5585,Puerto Nare,PUERTO NARE,Puerto Nare,PUERTO NARE,PUERTO NARE,PUERTO NARE
5,ANTIOQUIA,5591,Puerto Triunfo,PUERTO TRIUNFO,Puerto Triunfo,PUERTO TRIUNFO,PUERTO TRIUNFO,PUERTO TRIUNFO
5,ANTIOQUIA,5604,Remedios,REMEDIOS,Remedios,REMEDIOS,REMEDIOS,REMEDIOS
5,ANTIOQUIA,5607,Retiro,RETIRO,Retiro,RETIRO,RETIRO,RETIRO
5,ANTIOQUIA,5615,Rionegro,RIONEGRO,Rionegro,RIONEGRO,RIONEGRO,RIONEGRO
5,ANTIOQUIA,5628,Sabanalarga,SABANALARGA,Sabanalarga,SABANALARGA,SABANALARGA,SABANALARGA
5,ANTIOQUIA,5631,Sabaneta,SABANETA,Sabaneta,SABANETA,SABANETA,SABANETA
5,ANTIOQUIA,5642,Salgar,SALGAR,Salgar,SALGAR,SALGAR,SALGAR
5,ANTIOQUIA,5647,San Andrés de Cuerquía,SAN ANDRÉS DE CUERQUÍA,San Andrés de Cuerquía,SAN ANDRÃ‰S,SAN ANDRÃ‰S,SAN ANDRÃ‰S
5,ANTIOQUIA,5649,San Carlos,SAN CARLOS,San Carlos,SAN CARLOS,SAN CARLOS,SAN CARLOS
5,ANTIOQUIA,5652,San Francisco,SAN FRANCISCO,San Francisco,SAN FRANCISCO,SAN FRANCISCO,SAN FRANCISCO
5,ANTIOQUIA,5656,San Jerónimo,SAN JERÓNIMO,San Jerónimo,SAN JERÃ“NIMO,SAN JERÃ“NIMO,SAN JERÃ“NIMO
5,ANTIOQUIA,5658,San José de La Montaña,SAN JOSÉ DE LA MONTAÑA,San José de La Montaña,SAN JOSÃ‰ DE LA MONTAÃ‘A,SAN JOSÃ‰ DE LA MONTAÃ‘A,SAN JOSÃ‰ DE LA MONTAÃ‘A
5,ANTIOQUIA,5659,San Juan de Urabá,SAN JUAN DE URABÁ,San Juan de Urabá,SAN JUAN DE URABÃ,SAN JUAN DE URABÃ,SAN JUAN DE URABÃ
5,ANTIOQUIA,5660,San Luis,SAN LUIS,San Luis,SAN LUIS,SAN LUIS,SAN LUIS
5,ANTIOQUIA,5664,San Pedro de Los Milagros,SAN PEDRO DE LOS MILAGROS,San Pedro de Los Milagros,SAN PEDRO,SAN PEDRO,SAN PEDRO
5,ANTIOQUIA,5665,San Pedro de Urabá,SAN PEDRO DE URABÁ,San Pedro de Urabá,SAN PEDRO DE URABA,SAN PEDRO DE URABA,SAN PEDRO DE URABA
5,ANTIOQUIA,5667,San Rafael,SAN RAFAEL,San Rafael,SAN RAFAEL,SAN RAFAEL,SAN RAFAEL
5,ANTIOQUIA,5670,San Roque,SAN ROQUE,San Roque,SAN ROQUE,SAN ROQUE,SAN ROQUE
5,ANTIOQUIA,5674,San Vicente,SAN VICENTE FERRER,San Vicente,SAN VICENTE,SAN VICENTE,SAN VICENTE
5,ANTIOQUIA,5679,Santa Bárbara,SANTA BÁRBARA,Santa Bárbara,SANTA BÃRBARA,SANTA BÃRBARA,SANTA BÃRBARA
5,ANTIOQUIA,5686,Santa Rosa de Osos,SANTA ROSA DE OSOS,Santa Rosa de Osos,SANTA ROSA DE OSOS,SANTA ROSA DE OSOS,SANTA ROSA DE OSOS
5,ANTIOQUIA,5690,Santo Domingo,SANTO DOMINGO,Santo Domingo,SANTO DOMINGO,SANTO DOMINGO,SANTO DOMINGO
5,ANTIOQUIA,5697,El Santuario,EL SANTUARIO,El Santuario,EL SANTUARIO,EL SANTUARIO,EL SANTUARIO
5,ANTIOQUIA,5736,Segovia,SEGOVIA,Segovia,SEGOVIA,SEGOVIA,SEGOVIA
5,ANTIOQUIA,5756,Sonsón,SONSÓN,Sonsón,SONSON,SONSON,SONSON
5,ANTIOQUIA,5761,Sopetrán,SOPETRÁN,Sopetrán,SOPETRÃN,SOPETRÃN,SOPETRÃN
5,ANTIOQUIA,5789,Támesis,TÁMESIS,Támesis,TÃMESIS,TÃMESIS,TÃMESIS
5,ANTIOQUIA,5790,Tarazá,TARAZÁ,Tarazá,TARAZÃ,TARAZÃ,TARAZÃ
5,ANTIOQUIA,5792,Tarso,TARSO,Tarso,TARSO,TARSO,TARSO
5,ANTIOQUIA,5809,Titiribí,TITIRIBÍ,Titiribí,TITIRIBÃ,TITIRIBÃ,TITIRIBÃ
5,ANTIOQUIA,5819,Toledo,TOLEDO,Toledo,TOLEDO,TOLEDO,TOLEDO
5,ANTIOQUIA,5837,Turbo,TURBO,Turbo,TURBO,TURBO,TURBO
5,ANTIOQUIA,5842,Uramita,URAMITA,Uramita,URAMITA,URAMITA,URAMITA
5,ANTIOQUIA,5847,Urrao,URRAO,Urrao,URRAO,URRAO,URRAO
5,ANTIOQUIA,5854,Valdivia,VALDIVIA,Valdivia,VALDIVIA,VALDIVIA,VALDIVIA
5,ANTIOQUIA,5856,Valparaíso,VALPARAÍSO,Valparaíso,VALPARAÃSO,VALPARAÃSO,VALPARAÃSO
5,ANTIOQUIA,5858,Vegachí,VEGACHÍ,Vegachí,VEGACHÃ,VEGACHÃ,VEGACHÃ
5,ANTIOQUIA,5861,Venecia,VENECIA,Venecia,VENECIA,VENECIA,VENECIA
5,ANTIOQUIA,5873,Vigía del Fuerte,VIGÍA DEL FUERTE,Vigía del Fuerte,VIGÃA DEL FUERTE,VIGÃA DEL FUERTE,VIGÃA DEL FUERTE
5,ANTIOQUIA,5885,Yalí,YALÍ,Yalí,YALÃ,YALÃ,YALÃ
5,ANTIOQUIA,5887,Yarumal,YARUMAL,Yarumal,YARUMAL,YARUMAL,YARUMAL
5,ANTIOQUIA,5890,Yolombó,YOLOMBÓ,Yolombó,YOLOMBÃ“,YOLOMBÃ“,YOLOMBÃ“
5,ANTIOQUIA,5893,Yondó,YONDÓ,Yondó,YONDÃ“,YONDÃ“,YONDÃ“
5,ANTIOQUIA,5895,Zaragoza,ZARAGOZA,Zaragoza,ZARAGOZA,ZARAGOZA,ZARAGOZA
8,ATLÁNTICO,8001,Barranquilla,BARRANQUILLA,Barranquilla,BARRANQUILLA,BARRANQUILLA,BARRANQUILLA
8,ATLÁNTICO,8078,Baranoa,BARANOA,Baranoa,BARANOA,BARANOA,BARANOA
8,ATLÁNTICO,8137,Campo de La Cruz,CAMPO DE LA CRUZ,Campo de La Cruz,CAMPO DE LA CRUZ,CAMPO DE LA CRUZ,CAMPO DE LA CRUZ
8,ATLÁNTICO,8141,Candelaria,CANDELARIA,Candelaria,CANDELARIA,CANDELARIA,CANDELARIA
8,ATLÁNTICO,8296,Galapa,GALAPA,Galapa,GALAPA,GALAPA,GALAPA
8,ATLÁNTICO,8372,Juan de Acosta,JUAN DE ACOSTA,Juan de Acosta,JUAN DE ACOSTA,JUAN DE ACOSTA,JUAN DE ACOSTA
8,ATLÁNTICO,8421,Luruaco,LURUACO,Luruaco,LURUACO,LURUACO,LURUACO
8,ATLÁNTICO,8433,Malambo,MALAMBO,Malambo,MALAMBO,MALAMBO,MALAMBO
8,ATLÁNTICO,8436,Manatí,MANATÍ,Manatí,MANATÃ,MANATÃ,MANATÃ
8,ATLÁNTICO,8520,Palmar de Varela,PALMAR DE VARELA,Palmar de Varela,PALMAR DE VARELA,PALMAR DE VARELA,PALMAR DE VARELA
8,ATLÁNTICO,8549,Piojó,PIOJÓ,Piojó,PIOJÃ“,PIOJÃ“,PIOJÃ“
8,ATLÁNTICO,8558,Polonuevo,POLONUEVO,Polonuevo,POLONUEVO,POLONUEVO,POLONUEVO
8,ATLÁNTICO,8560,Ponedera,PONEDERA,Ponedera,PONEDERA,PONEDERA,PONEDERA
8,ATLÁNTICO,8573,Puerto Colombia,PUERTO COLOMBIA,Puerto Colombia,PUERTO COLOMBIA,PUERTO COLOMBIA,PUERTO COLOMBIA
8,ATLÁNTICO,8606,Repelón,REPELÓN,Repelón,REPELÃ“N,REPELÃ“N,REPELÃ“N
8,ATLÁNTICO,8634,Sabanagrande,SABANAGRANDE,Sabanagrande,SABANAGRANDE,SABANAGRANDE,SABANAGRANDE
8,ATLÁNTICO,8638,Sabanalarga,SABANALARGA,Sabanalarga,SABANALARGA,SABANALARGA,SABANALARGA
8,ATLÁNTICO,8675,Santa Lucía,SANTA LUCÍA,Santa Lucía,SANTA LUCÃA,SANTA LUCÃA,SANTA LUCÃA
8,ATLÁNTICO,8685,Santo Tomás,SANTO TOMÁS,Santo Tomás,SANTO TOMÃS,SANTO TOMÃS,SANTO TOMÃS
8,ATLÁNTICO,8758,Soledad,SOLEDAD,Soledad,SOLEDAD,SOLEDAD,SOLEDAD
8,ATLÁNTICO,8770,Suan,SUAN,Suan,SUAN,SUAN,SUAN
8,ATLÁNTICO,8832,Tubará,TUBARÁ,Tubará,TUBARÃ,TUBARÃ,TUBARÃ
8,ATLÁNTICO,8849,Usiacurí,USIACURÍ,Usiacurí,USIACURÃ,USIACURÃ,USIACURÃ
11,"BOGOTÁ, D.C.",11001,"Bogotá, D.C.","BOGOTÁ, D.C.","Bogotá, D.C.",BOGOTÃ,BOGOTÃ,BOGOTÃ
13,BOLÍVAR,13001,Cartagena de Indias,CARTAGENA DE INDIAS,Cartagena de Indias,CARTAGENA,CARTAGENA,CARTAGENA
13,BOLÍVAR,13006,Achí,ACHÍ,Achí,ACHÃ,ACHÃ,ACHÃ
13,BOLÍVAR,13030,Altos del Rosario,ALTOS DEL ROSARIO,Altos del Rosario,ALTOS DEL ROSARIO,ALTOS DEL ROSARIO,ALTOS DEL ROSARIO
13,BOLÍVAR,13042,Arenal,ARENAL,Arenal,ARENAL,ARENAL,ARENAL
13,BOLÍVAR,13052,Arjona,ARJONA,Arjona,ARJONA,ARJONA,ARJONA
13,BOLÍVAR,13062,Arroyohondo,ARROYOHONDO,Arroyohondo,ARROYOHONDO,ARROYOHONDO,ARROYOHONDO
13,BOLÍVAR,13074,Barranco de Loba,BARRANCO DE LOBA,Barranco de Loba,BARRANCO DE LOBA,BARRANCO DE LOBA,BARRANCO DE LOBA
13,BOLÍVAR,13140,Calamar,CALAMAR,Calamar,CALAMAR,CALAMAR,CALAMAR
13,BOLÍVAR,13160,Cantagallo,CANTAGALLO,Cantagallo,CANTAGALLO,CANTAGALLO,CANTAGALLO
13,BOLÍVAR,13188,Cicuco,CICUCO,Cicuco,CICUCO,CICUCO,CICUCO
13,BOLÍVAR,13212,Córdoba,CÓRDOBA,Córdoba,CÃ“RDOBA,CÃ“RDOBA,CÃ“RDOBA
13,BOLÍVAR,13222,Clemencia,CLEMENCIA,Clemencia,CLEMENCIA,CLEMENCIA,CLEMENCIA
13,BOLÍVAR,13244,El Carmen de Bolívar,EL CARMEN DE BOLÍVAR,El Carmen de Bolívar,EL CARMEN DE BOLÃVAR,EL CARMEN DE BOLÃVAR,EL CARMEN DE BOLÃVAR
13,BOLÍVAR,13248,El Guamo,EL GUAMO,El Guamo,EL GUAMO,EL GUAMO,EL GUAMO
13,BOLÍVAR,13268,El Peñón,EL PEÑÓN,El Peñón,EL PEÃ‘Ã“N,EL PEÃ‘Ã“N,EL PEÃ‘Ã“N
13,BOLÍVAR,13300,Hatillo de Loba,HATILLO DE LOBA,Hatillo de Loba,HATILLO DE LOBA,HATILLO DE LOBA,HATILLO DE LOBA
13,BOLÍVAR,13430,Magangué,MAGANGUÉ,Magangué,MAGANGUÃ‰,MAGANGUÃ‰,MAGANGUÃ‰
13,BOLÍVAR,13433,Mahates,MAHATES,Mahates,MAHATES,MAHATES,MAHATES
13,BOLÍVAR,13440,Margarita,MARGARITA,Margarita,MARGARITA,MARGARITA,MARGARITA
13,BOLÍVAR,13442,María La Baja,MARÍA LA BAJA,María La Baja,MARÃA LA BAJA,MARÃA LA BAJA,MARÃA LA BAJA
13,BOLÍVAR,13458,Montecristo,MONTECRISTO,Montecristo,MONTECRISTO,MONTECRISTO,MONTECRISTO
13,BOLÍVAR,13468,Mompós,SANTA CRUZ DE MOMPOX,Mompós,MOMPÃ“S,MOMPÃ“S,MOMPÃ“S
13,BOLÍVAR,13473,Morales,MORALES,Morales,MORALES,MORALES,MORALES
13,BOLÍVAR,13490,Norosí,NOROSÍ,Norosí,NOROSÃ,NOROSÃ,NOROSÃ
13,BOLÍVAR,13549,Pinillos,PINILLOS,Pinillos,PINILLOS,PINILLOS,PINILLOS
13,BOLÍVAR,13580,Regidor,REGIDOR,Regidor,REGIDOR,REGIDOR,REGIDOR
13,BOLÍVAR,13600,Río Viejo,RÍO VIEJO,Río Viejo,RÃO VIEJO,RÃO VIEJO,RÃO VIEJO
13,BOLÍVAR,13620,San Cristóbal,SAN CRISTÓBAL,San Cristóbal,SAN CRISTÃ“BAL,SAN CRISTÃ“BAL,SAN CRISTÃ“BAL
13,BOLÍVAR,13647,San Estanislao,SAN ESTANISLAO,San Estanislao,SAN ESTANISLAO,SAN ESTANISLAO,SAN ESTANISLAO
13,BOLÍVAR,13650,San Fernando,SAN FERNANDO,San Fernando,SAN FERNANDO,SAN FERNANDO,SAN FERNANDO
13,BOLÍVAR,13654,San Jacinto,SAN JACINTO,San Jacinto,SAN JACINTO,SAN JACINTO,SAN JACINTO
13,BOLÍVAR,13655,San Jacinto del Cauca,SAN JACINTO DEL CAUCA,San Jacinto del Cauca,SAN JACINTO DEL CAUCA,SAN JACINTO DEL CAUCA,SAN JACINTO DEL CAUCA
13,BOLÍVAR,13657,San Juan Nepomuceno,SAN JUAN NEPOMUCENO,San Juan Nepomuceno,SAN JUAN NEPOMUCENO,SAN JUAN NEPOMUCENO,SAN JUAN NEPOMUCENO
13,BOLÍVAR,13667,San Martín de Loba,SAN MARTÍN DE LOBA,San Martín de Loba,SAN MARTÃN DE LOBA,SAN MARTÃN DE LOBA,SAN MARTÃN DE LOBA
13,BOLÍVAR,13670,San Pablo,SAN PABLO,San Pablo,SAN PABLO,SAN PABLO,SAN PABLO
13,BOLÍVAR,13673,Santa Catalina,SANTA CATALINA,Santa Catalina,SANTA CATALINA,SANTA CATALINA,SANTA CATALINA
13,BOLÍVAR,13683,Santa Rosa,SANTA ROSA,Santa Rosa,SANTA ROSA,SANTA ROSA,SANTA ROSA
13,BOLÍVAR,13688,Santa Rosa del Sur,SANTA ROSA DEL SUR,Santa Rosa del Sur,SANTA ROSA DEL SUR,SANTA ROSA DEL SUR,SANTA ROSA DEL SUR
13,BOLÍVAR,13744,Simití,SIMITÍ,Simití,SIMITÃ,SIMITÃ,SIMITÃ
13,BOLÍVAR,13760,Soplaviento,SOPLAVIENTO,Soplaviento,SOPLAVIENTO,SOPLAVIENTO,SOPLAVIENTO
13,BOLÍVAR,13780,Talaigua Nuevo,TALAIGUA NUEVO,Talaigua Nuevo,TALAIGUA NUEVO,TALAIGUA NUEVO,TALAIGUA NUEVO
13,BOLÍVAR,13810,Tiquisio,TIQUISIO,Tiquisio,TIQUISIO,TIQUISIO,TIQUISIO
13,BOLÍVAR,13836,Turbaco,TURBACO,Turbaco,TURBACO,TURBACO,TURBACO
13,BOLÍVAR,13838,Turbaná,TURBANA,Turbaná,TURBANA,TURBANA,TURBANA
13,BOLÍVAR,13873,Villanueva,VILLANUEVA,Villanueva,VILLANUEVA,VILLANUEVA,VILLANUEVA
13,BOLÍVAR,13894,Zambrano,ZAMBRANO,Zambrano,ZAMBRANO,ZAMBRANO,ZAMBRANO
15,BOYACÁ,15001,Tunja,TUNJA,Tunja,TUNJA,TUNJA,TUNJA
15,BOYACÁ,15022,Almeida,ALMEIDA,Almeida,ALMEIDA,ALMEIDA,ALMEIDA
15,BOYACÁ,15047,Aquitania,AQUITANIA,Aquitania,AQUITANIA,AQUITANIA,AQUITANIA
15,BOYACÁ,15051,Arcabuco,ARCABUCO,Arcabuco,ARCABUCO,ARCABUCO,ARCABUCO
15,BOYACÁ,15087,Belén,BELÉN,Belén,BELÃ‰N,BELÃ‰N,BELÃ‰N
15,BOYACÁ,15090,Berbeo,BERBEO,Berbeo,BERBEO,BERBEO,BERBEO
15,BOYACÁ,15092,Betéitiva,BETÉITIVA,Betéitiva,BETÃ‰ITIVA,BETÃ‰ITIVA,BETÃ‰ITIVA
15,BOYACÁ,15097,Boavita,BOAVITA,Boavita,BOAVITA,BOAVITA,BOAVITA
15,BOYACÁ,15104,Boyacá,BOYACÁ,Boyacá,BOYACÃ,BOYACÃ,BOYACÃ
15,BOYACÁ,15106,Briceño,BRICEÑO,Briceño,BRICEÃ‘O,BRICEÃ‘O,BRICEÃ‘O
15,BOYACÁ,15109,Buenavista,BUENAVISTA,Buenavista,BUENAVISTA,BUENAVISTA,BUENAVISTA
15,BOYACÁ,15114,Busbanzá,BUSBANZÁ,Busbanzá,BUSBANZÃ,BUSBANZÃ,BUSBANZÃ
15,BOYACÁ,15131,Caldas,CALDAS,Caldas,CALDAS,CALDAS,CALDAS
15,BOYACÁ,15135,Campohermoso,CAMPOHERMOSO,Campohermoso,CAMPOHERMOSO,CAMPOHERMOSO,CAMPOHERMOSO
15,BOYACÁ,15162,Cerinza,CERINZA,Cerinza,CERINZA,CERINZA,CERINZA
15,BOYACÁ,15172,Chinavita,CHINAVITA,Chinavita,CHINAVITA,CHINAVITA,CHINAVITA
15,BOYACÁ,15176,Chiquinquirá,CHIQUINQUIRÁ,Chiquinquirá,CHIQUINQUIRÃ,CHIQUINQUIRÃ,CHIQUINQUIRÃ
15,BOYACÁ,15180,Chiscas,CHISCAS,Chiscas,CHISCAS,CHISCAS,CHISCAS
15,BOYACÁ,15183,Chita,CHITA,Chita,CHITA,CHITA,CHITA
15,BOYACÁ,15185,Chitaraque,CHITARAQUE,Chitaraque,CHITARAQUE,CHITARAQUE,CHITARAQUE
15,BOYACÁ,15187,Chivatá,CHIVATÁ,Chivatá,CHIVATÃ,CHIVATÃ,CHIVATÃ
15,BOYACÁ,15189,Ciénega,CIÉNEGA,Ciénega,CIÃ‰NEGA,CIÃ‰NEGA,CIÃ‰NEGA
15,BOYACÁ,15204,Cómbita,CÓMBITA,Cómbita,CÃ“MBITA,CÃ“MBITA,CÃ“MBITA
15,BOYACÁ,15212,Coper,COPER,Coper,COPER,COPER,COPER
15,BOYACÁ,15215,Corrales,CORRALES,Corrales,CORRALES,CORRALES,CORRALES
15,BOYACÁ,15218,Covarachía,COVARACHÍA,Covarachía,COVARACHÃA,COVARACHÃA,COVARACHÃA
15,BOYACÁ,15223,Cubará,CUBARÁ,Cubará,CUBARÃ,CUBARÃ,CUBARÃ
15,BOYACÁ,15224,Cucaita,CUCAITA,Cucaita,CUCAITA,CUCAITA,CUCAITA
15,BOYACÁ,15226,Cuítiva,CUÍTIVA,Cuítiva,CUÃTIVA,CUÃTIVA,CUÃTIVA
15,BOYACÁ,15232,Chíquiza,CHÍQUIZA,Chíquiza,CHÃQUIZA,CHÃQUIZA,CHÃQUIZA
15,BOYACÁ,15236,Chivor,CHIVOR,Chivor,CHIVOR,CHIVOR,CHIVOR
15,BOYACÁ,15238,Duitama,DUITAMA,Duitama,DUITAMA,DUITAMA,DUITAMA
15,BOYACÁ,15244,El Cocuy,EL COCUY,El Cocuy,EL COCUY,EL COCUY,EL COCUY
15,BOYACÁ,15248,El Espino,EL ESPINO,El Espino,EL ESPINO,EL ESPINO,EL ESPINO
15,BOYACÁ,15272,Firavitoba,FIRAVITOBA,Firavitoba,FIRAVITOBA,FIRAVITOBA,FIRAVITOBA
15,BOYACÁ,15276,Floresta,FLORESTA,Floresta,FLORESTA,FLORESTA,FLORESTA
15,BOYACÁ,15293,Gachantivá,GACHANTIVÁ,Gachantivá,GACHANTIVÃ,GACHANTIVÃ,GACHANTIVÃ
15,BOYACÁ,15296,Gámeza,GÁMEZA,Gámeza,GAMEZA,GAMEZA,GAMEZA
15,BOYACÁ,15299,Garagoa,GARAGOA,Garagoa,GARAGOA,GARAGOA,GARAGOA
15,BOYACÁ,15317,Guacamayas,GUACAMAYAS,Guacamayas,GUACAMAYAS,GUACAMAYAS,GUACAMAYAS
15,BOYACÁ,15322,Guateque,GUATEQUE,Guateque,GUATEQUE,GUATEQUE,GUATEQUE
15,BOYACÁ,15325,Guayatá,GUAYATÁ,Guayatá,GUAYATÃ,GUAYATÃ,GUAYATÃ
15,BOYACÁ,15332,Güicán de La Sierra,GÜICÁN DE LA SIERRA,Güicán de La Sierra,GÃœICÃN,GÃœICÃN,GÃœICÃN
15,BOYACÁ,15362,Iza,IZA,Iza,IZA,IZA,IZA
15,BOYACÁ,15367,Jenesano,JENESANO,Jenesano,JENESANO,JENESANO,JENESANO
15,BOYACÁ,15368,Jericó,JERICÓ,Jericó,JERICÃ“,JERICÃ“,JERICÃ“
15,BOYACÁ,15377,Labranzagrande,LABRANZAGRANDE,Labranzagrande,LABRANZAGRANDE,LABRANZAGRANDE,LABRANZAGRANDE
15,BOYACÁ,15380,La Capilla,LA CAPILLA,La Capilla,LA CAPILLA,LA CAPILLA,LA CAPILLA
15,BOYACÁ,15401,La Victoria,LA VICTORIA,La Victoria,LA VICTORIA,LA VICTORIA,LA VICTORIA
15,BOYACÁ,15403,La Uvita,LA UVITA,La Uvita,LA UVITA,LA UVITA,LA UVITA
15,BOYACÁ,15407,Villa de Leyva,VILLA DE LEYVA,Villa de Leyva,VILLA DE LEYVA,VILLA DE LEYVA,VILLA DE LEYVA
15,BOYACÁ,15425,Macanal,MACANAL,Macanal,MACANAL,MACANAL,MACANAL
15,BOYACÁ,15442,Maripí,MARIPÍ,Maripí,MARIPÃ,MARIPÃ,MARIPÃ
15,BOYACÁ,15455,Miraflores,MIRAFLORES,Miraflores,MIRAFLORES,MIRAFLORES,MIRAFLORES
15,BOYACÁ,15464,Mongua,MONGUA,Mongua,MONGUA,MONGUA,MONGUA
15,BOYACÁ,15466,Monguí,MONGUÍ,Monguí,MONGUÃ,MONGUÃ,MONGUÃ
15,BOYACÁ,15469,Moniquirá,MONIQUIRÁ,Moniquirá,MONIQUIRÃ,MONIQUIRÃ,MONIQUIRÃ
15,BOYACÁ,15476,Motavita,MOTAVITA,Motavita,MOTAVITA,MOTAVITA,MOTAVITA
15,BOYACÁ,15480,Muzo,MUZO,Muzo,MUZO,MUZO,MUZO
15,BOYACÁ,15491,Nobsa,NOBSA,Nobsa,NOBSA,NOBSA,NOBSA
15,BOYACÁ,15494,Nuevo Colón,NUEVO COLÓN,Nuevo Colón,NUEVO COLÃ“N,NUEVO COLÃ“N,NUEVO COLÃ“N
15,BOYACÁ,15500,Oicatá,OICATÁ,Oicatá,OICATÃ,OICATÃ,OICATÃ
15,BOYACÁ,15507,Otanche,OTANCHE,Otanche,OTANCHE,OTANCHE,OTANCHE
15,BOYACÁ,15511,Pachavita,PACHAVITA,Pachavita,PACHAVITA,PACHAVITA,PACHAVITA
15,BOYACÁ,15514,Páez,PÁEZ,Páez,PÃEZ,PÃEZ,PÃEZ
15,BOYACÁ,15516,Paipa,PAIPA,Paipa,PAIPA,PAIPA,PAIPA
15,BOYACÁ,15518,Pajarito,PAJARITO,Pajarito,PAJARITO,PAJARITO,PAJARITO
15,BOYACÁ,15522,Panqueba,PANQUEBA,Panqueba,PANQUEBA,PANQUEBA,PANQUEBA
15,BOYACÁ,15531,Pauna,PAUNA,Pauna,PAUNA,PAUNA,PAUNA
15,BOYACÁ,15533,Paya,PAYA,Paya,PAYA,PAYA,PAYA
15,BOYACÁ,15537,Paz de Río,PAZ DE RÍO,Paz de Río,PAZ DE RÃO,PAZ DE RÃO,PAZ DE RÃO
15,BOYACÁ,15542,Pesca,PESCA,Pesca,PESCA,PESCA,PESCA
15,BOYACÁ,15550,Pisba,PISBA,Pisba,PISBA,PISBA,PISBA
15,BOYACÁ,15572,Puerto Boyacá,PUERTO BOYACÁ,Puerto Boyacá,PUERTO BOYACÃ,PUERTO BOYACÃ,PUERTO BOYACÃ
15,BOYACÁ,15580,Quípama,QUÍPAMA,Quípama,QUÃPAMA,QUÃPAMA,QUÃPAMA
15,BOYACÁ,15599,Ramiriquí,RAMIRIQUÍ,Ramiriquí,RAMIRIQUÃ,RAMIRIQUÃ,RAMIRIQUÃ
15,BOYACÁ,15600,Ráquira,RÁQUIRA,Ráquira,RÃQUIRA,RÃQUIRA,RÃQUIRA
15,BOYACÁ,15621,Rondón,RONDÓN,Rondón,RONDÃ“N,RONDÃ“N,RONDÃ“N
15,BOYACÁ,15632,Saboyá,SABOYÁ,Saboyá,SABOYÃ,SABOYÃ,SABOYÃ
15,BOYACÁ,15638,Sáchica,SÁCHICA,Sáchica,SÃCHICA,SÃCHICA,SÃCHICA
15,BOYACÁ,15646,Samacá,SAMACÁ,Samacá,SAMACÃ,SAMACÃ,SAMACÃ
15,BOYACÁ,15660,San Eduardo,SAN EDUARDO,San Eduardo,SAN EDUARDO,SAN EDUARDO,SAN EDUARDO
15,BOYACÁ,15664,San José de Pare,SAN JOSÉ DE PARE,San José de Pare,SAN JOSÃ‰ DE PARE,SAN JOSÃ‰ DE PARE,SAN JOSÃ‰ DE PARE
15,BOYACÁ,15667,San Luis de Gaceno,SAN LUIS DE GACENO,San Luis de Gaceno,SAN LUIS DE GACENO,SAN LUIS DE GACENO,SAN LUIS DE GACENO
15,BOYACÁ,15673,San Mateo,SAN MATEO,San Mateo,SAN MATEO,SAN MATEO,SAN MATEO
15,BOYACÁ,15676,San Miguel de Sema,SAN MIGUEL DE SEMA,San Miguel de Sema,SAN MIGUEL DE SEMA,SAN MIGUEL DE SEMA,SAN MIGUEL DE SEMA
15,BOYACÁ,15681,San Pablo de Borbur,SAN PABLO DE BORBUR,San Pablo de Borbur,SAN PABLO DE BORBUR,SAN PABLO DE BORBUR,SAN PABLO DE BORBUR
15,BOYACÁ,15686,Santana,SANTANA,Santana,SANTANA,SANTANA,SANTANA
15,BOYACÁ,15690,Santa María,SANTA MARÍA,Santa María,SANTA MARÃA,SANTA MARÃA,SANTA MARÃA
15,BOYACÁ,15693,Santa Rosa de Viterbo,SANTA ROSA DE VITERBO,Santa Rosa de Viterbo,SANTA ROSA DE VITERBO,SANTA ROSA DE VITERBO,SANTA ROSA DE VITERBO
15,BOYACÁ,15696,Santa Sofía,SANTA SOFÍA,Santa Sofía,SANTA SOFÃA,SANTA SOFÃA,SANTA SOFÃA
15,BOYACÁ,15720,Sativanorte,SATIVANORTE,Sativanorte,SATIVANORTE,SATIVANORTE,SATIVANORTE
15,BOYACÁ,15723,Sativasur,SATIVASUR,Sativasur,SATIVASUR,SATIVASUR,SATIVASUR
15,BOYACÁ,15740,Siachoque,SIACHOQUE,Siachoque,SIACHOQUE,SIACHOQUE,SIACHOQUE
15,BOYACÁ,15753,Soatá,SOATÁ,Soatá,SOATÃ,SOATÃ,SOATÃ
15,BOYACÁ,15755,Socotá,SOCOTÁ,Socotá,SOCOTÃ,SOCOTÃ,SOCOTÃ
15,BOYACÁ,15757,Socha,SOCHA,Socha,SOCHA,SOCHA,SOCHA
15,BOYACÁ,15759,Sogamoso,SOGAMOSO,Sogamoso,SOGAMOSO,SOGAMOSO,SOGAMOSO
15,BOYACÁ,15761,Somondoco,SOMONDOCO,Somondoco,SOMONDOCO,SOMONDOCO,SOMONDOCO
15,BOYACÁ,15762,Sora,SORA,Sora,SORA,SORA,SORA
15,BOYACÁ,15763,Sotaquirá,SOTAQUIRÁ,Sotaquirá,SOTAQUIRÃ,SOTAQUIRÃ,SOTAQUIRÃ
15,BOYACÁ,15764,Soracá,SORACÁ,Soracá,SORACÃ,SORACÃ,SORACÃ
15,BOYACÁ,15774,Susacón,SUSACÓN,Susacón,SUSACÃ“N,SUSACÃ“N,SUSACÃ“N
15,BOYACÁ,15776,Sutamarchán,SUTAMARCHÁN,Sutamarchán,SUTAMARCHÃN,SUTAMARCHÃN,SUTAMARCHÃN
15,BOYACÁ,15778,Sutatenza,SUTATENZA,Sutatenza,SUTATENZA,SUTATENZA,SUTATENZA
15,BOYACÁ,15790,Tasco,TASCO,Tasco,TASCO,TASCO,TASCO
15,BOYACÁ,15798,Tenza,TENZA,Tenza,TENZA,TENZA,TENZA
15,BOYACÁ,15804,Tibaná,TIBANÁ,Tibaná,TIBANÃ,TIBANÃ,TIBANÃ
15,BOYACÁ,15806,Tibasosa,TIBASOSA,Tibasosa,TIBASOSA,TIBASOSA,TIBASOSA
15,BOYACÁ,15808,Tinjacá,TINJACÁ,Tinjacá,TINJACÃ,TINJACÃ,TINJACÃ
15,BOYACÁ,15810,Tipacoque,TIPACOQUE,Tipacoque,TIPACOQUE,TIPACOQUE,TIPACOQUE
15,BOYACÁ,15814,Toca,TOCA,Toca,TOCA,TOCA,TOCA
15,BOYACÁ,15816,Togüí,TOGÜÍ,Togüí,TOGÃœÃ,TOGÃœÃ,TOGÃœÃ
15,BOYACÁ,15820,Tópaga,TÓPAGA,Tópaga,TÃ“PAGA,TÃ“PAGA,TÃ“PAGA
15,BOYACÁ,15822,Tota,TOTA,Tota,TOTA,TOTA,TOTA
15,BOYACÁ,15832,Tununguá,TUNUNGUÁ,Tununguá,TUNUNGUÃ,TUNUNGUÃ,TUNUNGUÃ
15,BOYACÁ,15835,Turmequé,TURMEQUÉ,Turmequé,TURMEQUÃ‰,TURMEQUÃ‰,TURMEQUÃ‰
15,BOYACÁ,15837,Tuta,TUTA,Tuta,TUTA,TUTA,TUTA
15,BOYACÁ,15839,Tutazá,TUTAZÁ,Tutazá,TUTAZÃ,TUTAZÃ,TUTAZÃ
15,BOYACÁ,15842,Úmbita,ÚMBITA,Úmbita,UMBITA,UMBITA,UMBITA
15,BOYACÁ,15861,Ventaquemada,VENTAQUEMADA,Ventaquemada,VENTAQUEMADA,VENTAQUEMADA,VENTAQUEMADA
15,BOYACÁ,15879,Viracachá,VIRACACHÁ,Viracachá,VIRACACHÃ,VIRACACHÃ,VIRACACHÃ
15,BOYACÁ,15897,Zetaquira,ZETAQUIRA,Zetaquira,ZETAQUIRA,ZETAQUIRA,ZETAQUIRA
17,CALDAS,17001,Manizales,MANIZALES,Manizales,MANIZALES,MANIZALES,MANIZALES
17,CALDAS,17013,Aguadas,AGUADAS,Aguadas,AGUADAS,AGUADAS,AGUADAS
17,CALDAS,17042,Anserma,ANSERMA,Anserma,ANSERMA,ANSERMA,ANSERMA
17,CALDAS,17050,Aranzazu,ARANZAZU,Aranzazu,ARANZAZU,ARANZAZU,ARANZAZU
17,CALDAS,17088,Belalcázar,BELALCÁZAR,Belalcázar,BELALCÃZAR,BELALCÃZAR,BELALCÃZAR
17,CALDAS,17174,Chinchiná,CHINCHINÁ,Chinchiná,CHINCHINÃ,CHINCHINÃ,CHINCHINÃ
17,CALDAS,17272,Filadelfia,FILADELFIA,Filadelfia,FILADELFIA,FILADELFIA,FILADELFIA
17,CALDAS,17380,La Dorada,LA DORADA,La Dorada,LA DORADA,LA DORADA,LA DORADA
17,CALDAS,17388,La Merced,LA MERCED,La Merced,LA MERCED,LA MERCED,LA MERCED
17,CALDAS,17433,Manzanares,MANZANARES,Manzanares,MANZANARES,MANZANARES,MANZANARES
17,CALDAS,17442,Marmato,MARMATO,Marmato,MARMATO,MARMATO,MARMATO
17,CALDAS,17444,Marquetalia,MARQUETALIA,Marquetalia,MARQUETALIA,MARQUETALIA,MARQUETALIA
17,CALDAS,17446,Marulanda,MARULANDA,Marulanda,MARULANDA,MARULANDA,MARULANDA
17,CALDAS,17486,Neira,NEIRA,Neira,NEIRA,NEIRA,NEIRA
17,CALDAS,17495,Norcasia,NORCASIA,Norcasia,NORCASIA,NORCASIA,NORCASIA
17,CALDAS,17513,Pácora,PÁCORA,Pácora,PÃCORA,PÃCORA,PÃCORA
17,CALDAS,17524,Palestina,PALESTINA,Palestina,PALESTINA,PALESTINA,PALESTINA
17,CALDAS,17541,Pensilvania,PENSILVANIA,Pensilvania,PENSILVANIA,PENSILVANIA,PENSILVANIA
17,CALDAS,17614,Riosucio,RIOSUCIO,Riosucio,RIOSUCIO,RIOSUCIO,RIOSUCIO
17,CALDAS,17616,Risaralda,RISARALDA,Risaralda,RISARALDA,RISARALDA,RISARALDA
17,CALDAS,17653,Salamina,SALAMINA,Salamina,SALAMINA,SALAMINA,SALAMINA
17,CALDAS,17662,Samaná,SAMANÁ,Samaná,SAMANÃ,SAMANÃ,SAMANÃ
17,CALDAS,17665,San José,SAN JOSÉ,San José,SAN JOSÃ‰,SAN JOSÃ‰,SAN JOSÃ‰
17,CALDAS,17777,Supía,SUPÍA,Supía,SUPÃA,SUPÃA,SUPÃA
17,CALDAS,17867,Victoria,VICTORIA,Victoria,VICTORIA,VICTORIA,VICTORIA
17,CALDAS,17873,Villamaría,VILLAMARÍA,Villamaría,VILLAMARÃA,VILLAMARÃA,VILLAMARÃA
17,CALDAS,17877,Viterbo,VITERBO,Viterbo,VITERBO,VITERBO,VITERBO
18,CAQUETÁ,18001,Florencia,FLORENCIA,Florencia,FLORENCIA,FLORENCIA,FLORENCIA
18,CAQUETÁ,18029,Albania,ALBANIA,Albania,ALBANIA,ALBANIA,ALBANIA
18,CAQUETÁ,18094,Belén de Los Andaquíes,BELÉN DE LOS ANDAQUÍES,Belén de Los Andaquíes,BELÃ‰N DE LOS ANDAQUIES,BELÃ‰N DE LOS ANDAQUIES,BELÃ‰N DE LOS ANDAQUIES
18,CAQUETÁ,18150,Cartagena del Chairá,CARTAGENA DEL CHAIRÁ,Cartagena del Chairá,CARTAGENA DEL CHAIRÃ,CARTAGENA DEL CHAIRÃ,CARTAGENA DEL CHAIRÃ
18,CAQUETÁ,18205,Curillo,CURILLO,Curillo,CURILLO,CURILLO,CURILLO
18,CAQUETÁ,18247,El Doncello,EL DONCELLO,El Doncello,EL DONCELLO,EL DONCELLO,EL DONCELLO
18,CAQUETÁ,18256,El Paujíl,EL PAUJÍL,El Paujíl,EL PAUJIL,EL PAUJIL,EL PAUJIL
18,CAQUETÁ,18410,La Montañita,LA MONTAÑITA,La Montañita,LA MONTAÃ‘ITA,LA MONTAÃ‘ITA,LA MONTAÃ‘ITA
18,CAQUETÁ,18460,Milán,MILÁN,Milán,MILÃN,MILÃN,MILÃN
18,CAQUETÁ,18479,Morelia,MORELIA,Morelia,MORELIA,MORELIA,MORELIA
18,CAQUETÁ,18592,Puerto Rico,PUERTO RICO,Puerto Rico,PUERTO RICO,PUERTO RICO,PUERTO RICO
18,CAQUETÁ,18610,San José del Fragua,SAN JOSÉ DEL FRAGUA,San José del Fragua,SAN JOSÃ‰ DEL FRAGUA,SAN JOSÃ‰ DEL FRAGUA,SAN JOSÃ‰ DEL FRAGUA
18,CAQUETÁ,18753,San Vicente del Caguán,SAN VICENTE DEL CAGUÁN,San Vicente del Caguán,SAN VICENTE DEL CAGUÃN,SAN VICENTE DEL CAGUÃN,SAN VICENTE DEL CAGUÃN
18,CAQUETÁ,18756,Solano,SOLANO,Solano,SOLANO,SOLANO,SOLANO
18,CAQUETÁ,18785,Solita,SOLITA,Solita,SOLITA,SOLITA,SOLITA
18,CAQUETÁ,18860,Valparaíso,VALPARAÍSO,Valparaíso,VALPARAÃSO,VALPARAÃSO,VALPARAÃSO
19,CAUCA,19001,Popayán,POPAYÁN,Popayán,POPAYÃN,POPAYÃN,POPAYÃN
19,CAUCA,19022,Almaguer,ALMAGUER,Almaguer,ALMAGUER,ALMAGUER,ALMAGUER
19,CAUCA,19050,Argelia,ARGELIA,Argelia,ARGELIA,ARGELIA,ARGELIA
19,CAUCA,19075,Balboa,BALBOA,Balboa,BALBOA,BALBOA,BALBOA
19,CAUCA,19100,Bolívar,BOLÍVAR,Bolívar,BOLÃVAR,BOLÃVAR,BOLÃVAR
19,CAUCA,19110,Buenos Aires,BUENOS AIRES,Buenos Aires,BUENOS AIRES,BUENOS AIRES,BUENOS AIRES
19,CAUCA,19130,Cajibío,CAJIBÍO,Cajibío,CAJIBÃO,CAJIBÃO,CAJIBÃO
19,CAUCA,19137,Caldono,CALDONO,Caldono,CALDONO,CALDONO,CALDONO
19,CAUCA,19142,Caloto,CALOTO,Caloto,CALOTO,CALOTO,CALOTO
19,CAUCA,19212,Corinto,CORINTO,Corinto,CORINTO,CORINTO,CORINTO
19,CAUCA,19256,El Tambo,EL TAMBO,El Tambo,EL TAMBO,EL TAMBO,EL TAMBO
19,CAUCA,19290,Florencia,FLORENCIA,Florencia,FLORENCIA,FLORENCIA,FLORENCIA
19,CAUCA,19300,Guachené,GUACHENÉ,Guachené,GUACHENÃ‰,GUACHENÃ‰,GUACHENÃ‰
19,CAUCA,19318,Guapi,GUAPI,Guapi,GUAPI,GUAPI,GUAPI
19,CAUCA,19355,Inzá,INZÁ,Inzá,INZÃ,INZÃ,INZÃ
19,CAUCA,19364,Jambaló,JAMBALÓ,Jambaló,JAMBALÃ“,JAMBALÃ“,JAMBALÃ“
19,CAUCA,19392,La Sierra,LA SIERRA,La Sierra,LA SIERRA,LA SIERRA,LA SIERRA
19,CAUCA,19397,La Vega,LA VEGA,La Vega,LA VEGA,LA VEGA,LA VEGA
19,CAUCA,19418,López de Micay,LÓPEZ DE MICAY,López de Micay,LÃ“PEZ,LÃ“PEZ,LÃ“PEZ
19,CAUCA,19450,Mercaderes,MERCADERES,Mercaderes,MERCADERES,MERCADERES,MERCADERES
19,CAUCA,19455,Miranda,MIRANDA,Miranda,MIRANDA,MIRANDA,MIRANDA
19,CAUCA,19473,Morales,MORALES,Morales,MORALES,MORALES,MORALES
19,CAUCA,19513,Padilla,PADILLA,Padilla,PADILLA,PADILLA,PADILLA
19,CAUCA,19517,Páez,PÁEZ,Páez,PAEZ,PAEZ,PAEZ
19,CAUCA,19532,Patía,PATÍA,Patía,PATÃA,PATÃA,PATÃA
19,CAUCA,19533,Piamonte,PIAMONTE,Piamonte,PIAMONTE,PIAMONTE,PIAMONTE
19,CAUCA,19548,Piendamó - Tunía,PIENDAMÓ - TUNÍA,Piendamó - Tunía,PIENDAMÃ“,PIENDAMÃ“,PIENDAMÃ“
19,CAUCA,19573,Puerto Tejada,PUERTO TEJADA,Puerto Tejada,PUERTO TEJADA,PUERTO TEJADA,PUERTO TEJADA
19,CAUCA,19585,Puracé,PURACÉ,Puracé,PURACÃ‰,PURACÃ‰,PURACÃ‰
19,CAUCA,19622,Rosas,ROSAS,Rosas,ROSAS,ROSAS,ROSAS
19,CAUCA,19693,San Sebastián,SAN SEBASTIÁN,San Sebastián,SAN SEBASTIÃN,SAN SEBASTIÃN,SAN SEBASTIÃN
19,CAUCA,19698,Santander de Quilichao,SANTANDER DE QUILICHAO,Santander de Quilichao,SANTANDER DE QUILICHAO,SANTANDER DE QUILICHAO,SANTANDER DE QUILICHAO
19,CAUCA,19701,Santa Rosa,SANTA ROSA,Santa Rosa,SANTA ROSA,SANTA ROSA,SANTA ROSA
19,CAUCA,19743,Silvia,SILVIA,Silvia,SILVIA,SILVIA,SILVIA
19,CAUCA,19760,Sotará Paispamba,SOTARÁ PAISPAMBA,Sotará Paispamba,SOTARA,SOTARA,SOTARA
19,CAUCA,19780,Suárez,SUÁREZ,Suárez,SUÃREZ,SUÃREZ,SUÃREZ
19,CAUCA,19785,Sucre,SUCRE,Sucre,SUCRE,SUCRE,SUCRE
19,CAUCA,19807,Timbío,TIMBÍO,Timbío,TIMBÃO,TIMBÃO,TIMBÃO
19,CAUCA,19809,Timbiquí,TIMBIQUÍ,Timbiquí,TIMBIQUÃ,TIMBIQUÃ,TIMBIQUÃ
19,CAUCA,19821,Toribío,TORIBÍO,Toribío,TORIBIO,TORIBIO,TORIBIO
19,CAUCA,19824,Totoró,TOTORÓ,Totoró,TOTORÃ“,TOTORÃ“,TOTORÃ“
19,CAUCA,19845,Villa Rica,VILLA RICA,Villa Rica,VILLA RICA,VILLA RICA,VILLA RICA
20,CESAR,20001,Valledupar,VALLEDUPAR,Valledupar,VALLEDUPAR,VALLEDUPAR,VALLEDUPAR
20,CESAR,20011,Aguachica,AGUACHICA,Aguachica,AGUACHICA,AGUACHICA,AGUACHICA
20,CESAR,20013,Agustín Codazzi,AGUSTÍN CODAZZI,Agustín Codazzi,AGUSTÃN CODAZZI,AGUSTÃN CODAZZI,AGUSTÃN CODAZZI
20,CESAR,20032,Astrea,ASTREA,Astrea,ASTREA,ASTREA,ASTREA
20,CESAR,20045,Becerril,BECERRIL,Becerril,BECERRIL,BECERRIL,BECERRIL
20,CESAR,20060,Bosconia,BOSCONIA,Bosconia,BOSCONIA,BOSCONIA,BOSCONIA
20,CESAR,20175,Chimichagua,CHIMICHAGUA,Chimichagua,CHIMICHAGUA,CHIMICHAGUA,CHIMICHAGUA
20,CESAR,20178,Chiriguaná,CHIRIGUANÁ,Chiriguaná,CHIRIGUANÃ,CHIRIGUANÃ,CHIRIGUANÃ
20,CESAR,20228,Curumaní,CURUMANÍ,Curumaní,CURUMANÃ,CURUMANÃ,CURUMANÃ
20,CESAR,20238,El Copey,EL COPEY,El Copey,EL COPEY,EL COPEY,EL COPEY
20,CESAR,20250,El Paso,EL PASO,El Paso,EL PASO,EL PASO,EL PASO
20,CESAR,20295,Gamarra,GAMARRA,Gamarra,GAMARRA,GAMARRA,GAMARRA
20,CESAR,20310,González,GONZÁLEZ,González,GONZÃLEZ,GONZÃLEZ,GONZÃLEZ
20,CESAR,20383,La Gloria,LA GLORIA,La Gloria,LA GLORIA,LA GLORIA,LA GLORIA
20,CESAR,20400,La Jagua de Ibirico,LA JAGUA DE IBIRICO,La Jagua de Ibirico,LA JAGUA DE IBIRICO,LA JAGUA DE IBIRICO,LA JAGUA DE IBIRICO
20,CESAR,20443,Manaure Balcón del Cesar,MANAURE BALCÓN DEL CESAR,Manaure Balcón del Cesar,MANAURE,MANAURE,MANAURE
20,CESAR,20517,Pailitas,PAILITAS,Pailitas,PAILITAS,PAILITAS,PAILITAS
20,CESAR,20550,Pelaya,PELAYA,Pelaya,PELAYA,PELAYA,PELAYA
20,CESAR,20570,Pueblo Bello,PUEBLO BELLO,Pueblo Bello,PUEBLO BELLO,PUEBLO BELLO,PUEBLO BELLO
20,CESAR,20614,Río de Oro,RÍO DE ORO,Río de Oro,RÃO DE ORO,RÃO DE ORO,RÃO DE ORO
20,CESAR,20621,La Paz,LA PAZ,La Paz,LA PAZ,LA PAZ,LA PAZ
20,CESAR,20710,San Alberto,SAN ALBERTO,San Alberto,SAN ALBERTO,SAN ALBERTO,SAN ALBERTO
20,CESAR,20750,San Diego,SAN DIEGO,San Diego,SAN DIEGO,SAN DIEGO,SAN DIEGO
20,CESAR,20770,San Martín,SAN MARTÍN,San Martín,SAN MARTÃN,SAN MARTÃN,SAN MARTÃN
20,CESAR,20787,Tamalameque,TAMALAMEQUE,Tamalameque,TAMALAMEQUE,TAMALAMEQUE,TAMALAMEQUE
23,CÓRDOBA,23001,Montería,MONTERÍA,Montería,MONTERÃA,MONTERÃA,MONTERÃA
23,CÓRDOBA,23068,Ayapel,AYAPEL,Ayapel,AYAPEL,AYAPEL,AYAPEL
23,CÓRDOBA,23079,Buenavista,BUENAVISTA,Buenavista,BUENAVISTA,BUENAVISTA,BUENAVISTA
23,CÓRDOBA,23090,Canalete,CANALETE,Canalete,CANALETE,CANALETE,CANALETE
23,CÓRDOBA,23162,Cereté,CERETÉ,Cereté,CERETÃ‰,CERETÃ‰,CERETÃ‰
23,CÓRDOBA,23168,Chimá,CHIMÁ,Chimá,CHIMÃ,CHIMÃ,CHIMÃ
23,CÓRDOBA,23182,Chinú,CHINÚ,Chinú,CHINÃš,CHINÃš,CHINÃš
23,CÓRDOBA,23189,Ciénaga de Oro,CIÉNAGA DE ORO,Ciénaga de Oro,CIÃ‰NAGA DE ORO,CIÃ‰NAGA DE ORO,CIÃ‰NAGA DE ORO
23,CÓRDOBA,23300,Cotorra,COTORRA,Cotorra,COTORRA,COTORRA,COTORRA
23,CÓRDOBA,23350,La Apartada,LA APARTADA,La Apartada,LA APARTADA,LA APARTADA,LA APARTADA
23,CÓRDOBA,23417,Lorica,LORICA,Lorica,LORICA,LORICA,LORICA
23,CÓRDOBA,23419,Los Córdobas,LOS CÓRDOBAS,Los Córdobas,LOS CÃ“RDOBAS,LOS CÃ“RDOBAS,LOS CÃ“RDOBAS
23,CÓRDOBA,23464,Momil,MOMIL,Momil,MOMIL,MOMIL,MOMIL
23,CÓRDOBA,23466,Montelíbano,MONTELÍBANO,Montelíbano,MONTELÃBANO,MONTELÃBANO,MONTELÃBANO
23,CÓRDOBA,23500,Moñitos,MOÑITOS,Moñitos,MOÃ‘ITOS,MOÃ‘ITOS,MOÃ‘ITOS
23,CÓRDOBA,23555,Planeta Rica,PLANETA RICA,Planeta Rica,PLANETA RICA,PLANETA RICA,PLANETA RICA
23,CÓRDOBA,23570,Pueblo Nuevo,PUEBLO NUEVO,Pueblo Nuevo,PUEBLO NUEVO,PUEBLO NUEVO,PUEBLO NUEVO
23,CÓRDOBA,23574,Puerto Escondido,PUERTO ESCONDIDO,Puerto Escondido,PUERTO ESCONDIDO,PUERTO ESCONDIDO,PUERTO ESCONDIDO
23,CÓRDOBA,23580,Puerto Libertador,PUERTO LIBERTADOR,Puerto Libertador,PUERTO LIBERTADOR,PUERTO LIBERTADOR,PUERTO LIBERTADOR
23,CÓRDOBA,23586,Purísima de La Concepción,PURÍSIMA DE LA CONCEPCIÓN,Purísima de La Concepción,PURÃSIMA,PURÃSIMA,PURÃSIMA
23,CÓRDOBA,23660,Sahagún,SAHAGÚN,Sahagún,SAHAGÃšN,SAHAGÃšN,SAHAGÃšN
23,CÓRDOBA,23670,San Andrés Sotavento,SAN ANDRÉS DE SOTAVENTO,San Andrés Sotavento,SAN ANDRÃ‰S SOTAVENTO,SAN ANDRÃ‰S SOTAVENTO,SAN ANDRÃ‰S SOTAVENTO
23,CÓRDOBA,23672,San Antero,SAN ANTERO,San Antero,SAN ANTERO,SAN ANTERO,SAN ANTERO
23,CÓRDOBA,23675,San Bernardo del Viento,SAN BERNARDO DEL VIENTO,San Bernardo del Viento,SAN BERNARDO DEL VIENTO,SAN BERNARDO DEL VIENTO,SAN BERNARDO DEL VIENTO
23,CÓRDOBA,23678,San Carlos,SAN CARLOS,San Carlos,SAN CARLOS,SAN CARLOS,SAN CARLOS
23,CÓRDOBA,23682,San José de Uré,SAN JOSÉ DE URÉ,San José de Uré,SAN JOSE DE URÃ‰,SAN JOSE DE URÃ‰,SAN JOSE DE URÃ‰
23,CÓRDOBA,23686,San Pelayo,SAN PELAYO,San Pelayo,SAN PELAYO,SAN PELAYO,SAN PELAYO
23,CÓRDOBA,23807,Tierralta,TIERRALTA,Tierralta,TIERRALTA,TIERRALTA,TIERRALTA
23,CÓRDOBA,23815,Tuchín,TUCHÍN,Tuchín,TUCHÃN,TUCHÃN,TUCHÃN
23,CÓRDOBA,23855,Valencia,VALENCIA,Valencia,VALENCIA,VALENCIA,VALENCIA
25,CUNDINAMARCA,25001,Agua de Dios,AGUA DE DIOS,Agua de Dios,AGUA DE DIOS,AGUA DE DIOS,AGUA DE DIOS
25,CUNDINAMARCA,25019,Albán,ALBÁN,Albán,ALBÃN,ALBÃN,ALBÃN
25,CUNDINAMARCA,25035,Anapoima,ANAPOIMA,Anapoima,ANAPOIMA,ANAPOIMA,ANAPOIMA
25,CUNDINAMARCA,25040,Anolaima,ANOLAIMA,Anolaima,ANOLAIMA,ANOLAIMA,ANOLAIMA
25,CUNDINAMARCA,25053,Arbeláez,ARBELÁEZ,Arbeláez,ARBELÃEZ,ARBELÃEZ,ARBELÃEZ
25,CUNDINAMARCA,25086,Beltrán,BELTRÁN,Beltrán,BELTRÃN,BELTRÃN,BELTRÃN
25,CUNDINAMARCA,25095,Bituima,BITUIMA,Bituima,BITUIMA,BITUIMA,BITUIMA
25,CUNDINAMARCA,25099,Bojacá,BOJACÁ,Bojacá,BOJACÃ,BOJACÃ,BOJACÃ
25,CUNDINAMARCA,25120,Cabrera,CABRERA,Cabrera,CABRERA,CABRERA,CABRERA
25,CUNDINAMARCA,25123,Cachipay,CACHIPAY,Cachipay,CACHIPAY,CACHIPAY,CACHIPAY
25,CUNDINAMARCA,25126,Cajicá,CAJICÁ,Cajicá,CAJICÃ,CAJICÃ,CAJICÃ
25,CUNDINAMARCA,25148,Caparrapí,CAPARRAPÍ,Caparrapí,CAPARRAPÃ,CAPARRAPÃ,CAPARRAPÃ
25,CUNDINAMARCA,25151,Cáqueza,CÁQUEZA,Cáqueza,CAQUEZA,CAQUEZA,CAQUEZA
25,CUNDINAMARCA,25154,Carmen de Carupa,CARMEN DE CARUPA,Carmen de Carupa,CARMEN DE CARUPA,CARMEN DE CARUPA,CARMEN DE CARUPA
25,CUNDINAMARCA,25168,Chaguaní,CHAGUANÍ,Chaguaní,CHAGUANÃ,CHAGUANÃ,CHAGUANÃ
25,CUNDINAMARCA,25175,Chía,CHÍA,Chía,CHÃA,CHÃA,CHÃA
25,CUNDINAMARCA,25178,Chipaque,CHIPAQUE,Chipaque,CHIPAQUE,CHIPAQUE,CHIPAQUE
25,CUNDINAMARCA,25181,Choachí,CHOACHÍ,Choachí,CHOACHÃ,CHOACHÃ,CHOACHÃ
25,CUNDINAMARCA,25183,Chocontá,CHOCONTÁ,Chocontá,CHOCONTÃ,CHOCONTÃ,CHOCONTÃ
25,CUNDINAMARCA,25200,Cogua,COGUA,Cogua,COGUA,COGUA,COGUA
25,CUNDINAMARCA,25214,Cota,COTA,Cota,COTA,COTA,COTA
25,CUNDINAMARCA,25224,Cucunubá,CUCUNUBÁ,Cucunubá,CUCUNUBÃ,CUCUNUBÃ,CUCUNUBÃ
25,CUNDINAMARCA,25245,El Colegio,EL COLEGIO,El Colegio,EL COLEGIO,EL COLEGIO,EL COLEGIO
25,CUNDINAMARCA,25258,El Peñón,EL PEÑÓN,El Peñón,EL PEÃ‘Ã“N,EL PEÃ‘Ã“N,EL PEÃ‘Ã“N
25,CUNDINAMARCA,25260,El Rosal,EL ROSAL,El Rosal,EL ROSAL,EL ROSAL,EL ROSAL
25,CUNDINAMARCA,25269,Facatativá,FACATATIVÁ,Facatativá,FACATATIVÃ,FACATATIVÃ,FACATATIVÃ
25,CUNDINAMARCA,25279,Fómeque,FÓMEQUE,Fómeque,FOMEQUE,FOMEQUE,FOMEQUE
25,CUNDINAMARCA,25281,Fosca,FOSCA,Fosca,FOSCA,FOSCA,FOSCA
25,CUNDINAMARCA,25286,Funza,FUNZA,Funza,FUNZA,FUNZA,FUNZA
25,CUNDINAMARCA,25288,Fúquene,FÚQUENE,Fúquene,FÃšQUENE,FÃšQUENE,FÃšQUENE
25,CUNDINAMARCA,25290,Fusagasugá,FUSAGASUGÁ,Fusagasugá,FUSAGASUGÃ,FUSAGASUGÃ,FUSAGASUGÃ
25,CUNDINAMARCA,25293,Gachalá,GACHALÁ,Gachalá,GACHALA,GACHALA,GACHALA
25,CUNDINAMARCA,25295,Gachancipá,GACHANCIPÁ,Gachancipá,GACHANCIPÃ,GACHANCIPÃ,GACHANCIPÃ
25,CUNDINAMARCA,25297,Gachetá,GACHETÁ,Gachetá,GACHETÃ,GACHETÃ,GACHETÃ
25,CUNDINAMARCA,25299,Gama,GAMA,Gama,GAMA,GAMA,GAMA
25,CUNDINAMARCA,25307,Girardot,GIRARDOT,Girardot,GIRARDOT,GIRARDOT,GIRARDOT
25,CUNDINAMARCA,25312,Granada,GRANADA,Granada,GRANADA,GRANADA,GRANADA
25,CUNDINAMARCA,25317,Guachetá,GUACHETÁ,Guachetá,GUACHETÃ,GUACHETÃ,GUACHETÃ
25,CUNDINAMARCA,25320,Guaduas,GUADUAS,Guaduas,GUADUAS,GUADUAS,GUADUAS
25,CUNDINAMARCA,25322,Guasca,GUASCA,Guasca,GUASCA,GUASCA,GUASCA
25,CUNDINAMARCA,25324,Guataquí,GUATAQUÍ,Guataquí,GUATAQUÃ,GUATAQUÃ,GUATAQUÃ
25,CUNDINAMARCA,25326,Guatavita,GUATAVITA,Guatavita,GUATAVITA,GUATAVITA,GUATAVITA
25,CUNDINAMARCA,25328,Guayabal de Síquima,GUAYABAL DE SÍQUIMA,Guayabal de Síquima,GUAYABAL DE SIQUIMA,GUAYABAL DE SIQUIMA,GUAYABAL DE SIQUIMA
25,CUNDINAMARCA,25335,Guayabetal,GUAYABETAL,Guayabetal,GUAYABETAL,GUAYABETAL,GUAYABETAL
25,CUNDINAMARCA,25339,Gutiérrez,GUTIÉRREZ,Gutiérrez,GUTIÃ‰RREZ,GUTIÃ‰RREZ,GUTIÃ‰RREZ
25,CUNDINAMARCA,25368,Jerusalén,JERUSALÉN,Jerusalén,JERUSALÃ‰N,JERUSALÃ‰N,JERUSALÃ‰N
25,CUNDINAMARCA,25372,Junín,JUNÍN,Junín,JUNÃN,JUNÃN,JUNÃN
25,CUNDINAMARCA,25377,La Calera,LA CALERA,La Calera,LA CALERA,LA CALERA,LA CALERA
25,CUNDINAMARCA,25386,La Mesa,LA MESA,La Mesa,LA MESA,LA MESA,LA MESA
25,CUNDINAMARCA,25394,La Palma,LA PALMA,La Palma,LA PALMA,LA PALMA,LA PALMA
25,CUNDINAMARCA,25398,La Peña,LA PEÑA,La Peña,LA PEÃ‘A,LA PEÃ‘A,LA PEÃ‘A
25,CUNDINAMARCA,25402,La Vega,LA VEGA,La Vega,LA VEGA,LA VEGA,LA VEGA
25,CUNDINAMARCA,25407,Lenguazaque,LENGUAZAQUE,Lenguazaque,LENGUAZAQUE,LENGUAZAQUE,LENGUAZAQUE
25,CUNDINAMARCA,25426,Machetá,MACHETÁ,Machetá,MACHETA,MACHETA,MACHETA
25,CUNDINAMARCA,25430,Madrid,MADRID,Madrid,MADRID,MADRID,MADRID
25,CUNDINAMARCA,25436,Manta,MANTA,Manta,MANTA,MANTA,MANTA
25,CUNDINAMARCA,25438,Medina,MEDINA,Medina,MEDINA,MEDINA,MEDINA
25,CUNDINAMARCA,25473,Mosquera,MOSQUERA,Mosquera,MOSQUERA,MOSQUERA,MOSQUERA
25,CUNDINAMARCA,25483,Nariño,NARIÑO,Nariño,NARIÃ‘O,NARIÃ‘O,NARIÃ‘O
25,CUNDINAMARCA,25486,Nemocón,NEMOCÓN,Nemocón,NEMOCÃ“N,NEMOCÃ“N,NEMOCÃ“N
25,CUNDINAMARCA,25488,Nilo,NILO,Nilo,NILO,NILO,NILO
25,CUNDINAMARCA,25489,Nimaima,NIMAIMA,Nimaima,NIMAIMA,NIMAIMA,NIMAIMA
25,CUNDINAMARCA,25491,Nocaima,NOCAIMA,Nocaima,NOCAIMA,NOCAIMA,NOCAIMA
25,CUNDINAMARCA,25506,Venecia,VENECIA,Venecia,VENECIA,VENECIA,VENECIA
25,CUNDINAMARCA,25513,Pacho,PACHO,Pacho,PACHO,PACHO,PACHO
25,CUNDINAMARCA,25518,Paime,PAIME,Paime,PAIME,PAIME,PAIME
25,CUNDINAMARCA,25524,Pandi,PANDI,Pandi,PANDI,PANDI,PANDI
25,CUNDINAMARCA,25530,Paratebueno,PARATEBUENO,Paratebueno,PARATEBUENO,PARATEBUENO,PARATEBUENO
25,CUNDINAMARCA,25535,Pasca,PASCA,Pasca,PASCA,PASCA,PASCA
25,CUNDINAMARCA,25572,Puerto Salgar,PUERTO SALGAR,Puerto Salgar,PUERTO SALGAR,PUERTO SALGAR,PUERTO SALGAR
25,CUNDINAMARCA,25580,Pulí,PULÍ,Pulí,PULÃ,PULÃ,PULÃ
25,CUNDINAMARCA,25592,Quebradanegra,QUEBRADANEGRA,Quebradanegra,QUEBRADANEGRA,QUEBRADANEGRA,QUEBRADANEGRA
25,CUNDINAMARCA,25594,Quetame,QUETAME,Quetame,QUETAME,QUETAME,QUETAME
25,CUNDINAMARCA,25596,Quipile,QUIPILE,Quipile,QUIPILE,QUIPILE,QUIPILE
25,CUNDINAMARCA,25599,Apulo,APULO,Apulo,APULO,APULO,APULO
25,CUNDINAMARCA,25612,Ricaurte,RICAURTE,Ricaurte,RICAURTE,RICAURTE,RICAURTE
25,CUNDINAMARCA,25645,San Antonio del Tequendama,SAN ANTONIO DEL TEQUENDAMA,San Antonio del Tequendama,SAN ANTONIO DEL TEQUENDAMA,SAN ANTONIO DEL TEQUENDAMA,SAN ANTONIO DEL TEQUENDAMA
25,CUNDINAMARCA,25649,San Bernardo,SAN BERNARDO,San Bernardo,SAN BERNARDO,SAN BERNARDO,SAN BERNARDO
25,CUNDINAMARCA,25653,San Cayetano,SAN CAYETANO,San Cayetano,SAN CAYETANO,SAN CAYETANO,SAN CAYETANO
25,CUNDINAMARCA,25658,San Francisco,SAN FRANCISCO,San Francisco,SAN FRANCISCO,SAN FRANCISCO,SAN FRANCISCO
25,CUNDINAMARCA,25662,San Juan de Rioseco,SAN JUAN DE RIOSECO,San Juan de Rioseco,SAN JUAN DE RÃO SECO,SAN JUAN DE RÃO SECO,SAN JUAN DE RÃO SECO
25,CUNDINAMARCA,25718,Sasaima,SASAIMA,Sasaima,SASAIMA,SASAIMA,SASAIMA
25,CUNDINAMARCA,25736,Sesquilé,SESQUILÉ,Sesquilé,SESQUILÃ‰,SESQUILÃ‰,SESQUILÃ‰
25,CUNDINAMARCA,25740,Sibaté,SIBATÉ,Sibaté,SIBATÃ‰,SIBATÃ‰,SIBATÃ‰
25,CUNDINAMARCA,25743,Silvania,SILVANIA,Silvania,SILVANIA,SILVANIA,SILVANIA
25,CUNDINAMARCA,25745,Simijaca,SIMIJACA,Simijaca,SIMIJACA,SIMIJACA,SIMIJACA
25,CUNDINAMARCA,25754,Soacha,SOACHA,Soacha,SOACHA,SOACHA,SOACHA
25,CUNDINAMARCA,25758,Sopó,SOPÓ,Sopó,SOPÃ“,SOPÃ“,SOPÃ“
25,CUNDINAMARCA,25769,Subachoque,SUBACHOQUE,Subachoque,SUBACHOQUE,SUBACHOQUE,SUBACHOQUE
25,CUNDINAMARCA,25772,Suesca,SUESCA,Suesca,SUESCA,SUESCA,SUESCA
25,CUNDINAMARCA,25777,Supatá,SUPATÁ,Supatá,SUPATÃ,SUPATÃ,SUPATÃ
25,CUNDINAMARCA,25779,Susa,SUSA,Susa,SUSA,SUSA,SUSA
25,CUNDINAMARCA,25781,Sutatausa,SUTATAUSA,Sutatausa,SUTATAUSA,SUTATAUSA,SUTATAUSA
25,CUNDINAMARCA,25785,Tabio,TABIO,Tabio,TABIO,TABIO,TABIO
25,CUNDINAMARCA,25793,Tausa,TAUSA,Tausa,TAUSA,TAUSA,TAUSA
25,CUNDINAMARCA,25797,Tena,TENA,Tena,TENA,TENA,TENA
25,CUNDINAMARCA,25799,Tenjo,TENJO,Tenjo,TENJO,TENJO,TENJO
25,CUNDINAMARCA,25805,Tibacuy,TIBACUY,Tibacuy,TIBACUY,TIBACUY,TIBACUY
25,CUNDINAMARCA,25807,Tibirita,TIBIRITA,Tibirita,TIBIRITA,TIBIRITA,TIBIRITA
25,CUNDINAMARCA,25815,Tocaima,TOCAIMA,Tocaima,TOCAIMA,TOCAIMA,TOCAIMA
25,CUNDINAMARCA,25817,Tocancipá,TOCANCIPÁ,Tocancipá,TOCANCIPÃ,TOCANCIPÃ,TOCANCIPÃ
25,CUNDINAMARCA,25823,Topaipí,TOPAIPÍ,Topaipí,TOPAIPÃ,TOPAIPÃ,TOPAIPÃ
25,CUNDINAMARCA,25839,Ubalá,UBALÁ,Ubalá,UBALÃ,UBALÃ,UBALÃ
25,CUNDINAMARCA,25841,Ubaque,UBAQUE,Ubaque,UBAQUE,UBAQUE,UBAQUE
25,CUNDINAMARCA,25843,Villa de San Diego de Ubaté,VILLA DE SAN DIEGO DE UBATÉ,Villa de San Diego de Ubaté,VILLA DE SAN DIEGO DE UBATE,VILLA DE SAN DIEGO DE UBATE,VILLA DE SAN DIEGO DE UBATE
25,CUNDINAMARCA,25845,Une,UNE,Une,UNE,UNE,UNE
25,CUNDINAMARCA,25851,Útica,ÚTICA,Útica,ÃšTICA,ÃšTICA,ÃšTICA
25,CUNDINAMARCA,25862,Vergara,VERGARA,Vergara,VERGARA,VERGARA,VERGARA
25,CUNDINAMARCA,25867,Vianí,VIANÍ,Vianí,VIANÃ,VIANÃ,VIANÃ
25,CUNDINAMARCA,25871,Villagómez,VILLAGÓMEZ,Villagómez,VILLAGÃ“MEZ,VILLAGÃ“MEZ,VILLAGÃ“MEZ
25,CUNDINAMARCA,25873,Villapinzón,VILLAPINZÓN,Villapinzón,VILLAPINZÃ“N,VILLAPINZÃ“N,VILLAPINZÃ“N
25,CUNDINAMARCA,25875,Villeta,VILLETA,Villeta,VILLETA,VILLETA,VILLETA
25,CUNDINAMARCA,25878,Viotá,VIOTÁ,Viotá,VIOTÃ,VIOTÃ,VIOTÃ
25,CUNDINAMARCA,25885,Yacopí,YACOPÍ,Yacopí,YACOPÃ,YACOPÃ,YACOPÃ
25,CUNDINAMARCA,25898,Zipacón,ZIPACÓN,Zipacón,ZIPACÃ“N,ZIPACÃ“N,ZIPACÃ“N
25,CUNDINAMARCA,25899,Zipaquirá,ZIPAQUIRÁ,Zipaquirá,ZIPAQUIRÃ,ZIPAQUIRÃ,ZIPAQUIRÃ
27,CHOCÓ,27001,Quibdó,QUIBDÓ,Quibdó,QUIBDÃ“,QUIBDÃ“,QUIBDÃ“
27,CHOCÓ,27006,Acandí,ACANDÍ,Acandí,ACANDÃ,ACANDÃ,ACANDÃ
27,CHOCÓ,27025,Alto Baudó,ALTO BAUDÓ,Alto Baudó,ALTO BAUDO,ALTO BAUDO,ALTO BAUDO
27,CHOCÓ,27050,Atrato,ATRATO,Atrato,ATRATO,ATRATO,ATRATO
27,CHOCÓ,27073,Bagadó,BAGADÓ,Bagadó,BAGADÃ“,BAGADÃ“,BAGADÃ“
27,CHOCÓ,27075,Bahía Solano,BAHÍA SOLANO,Bahía Solano,BAHÃA SOLANO,BAHÃA SOLANO,BAHÃA SOLANO
27,CHOCÓ,27077,Bajo Baudó,BAJO BAUDÓ,Bajo Baudó,BAJO BAUDÃ“,BAJO BAUDÃ“,BAJO BAUDÃ“
27,CHOCÓ,27099,Bojayá,BOJAYÁ,Bojayá,BOJAYA,BOJAYA,BOJAYA
27,CHOCÓ,27135,El Cantón del San Pablo,EL CANTÓN DEL SAN PABLO,El Cantón del San Pablo,EL CANTÃ“N DEL SAN PABLO,EL CANTÃ“N DEL SAN PABLO,EL CANTÃ“N DEL SAN PABLO
27,CHOCÓ,27150,Carmen del Darién,CARMEN DEL DARIÉN,Carmen del Darién,CARMEN DEL DARIEN,CARMEN DEL DARIEN,CARMEN DEL DARIEN
27,CHOCÓ,27160,Cértegui,CÉRTEGUI,Cértegui,CÃ‰RTEGUI,CÃ‰RTEGUI,CÃ‰RTEGUI
27,CHOCÓ,27205,Condoto,CONDOTO,Condoto,CONDOTO,CONDOTO,CONDOTO
27,CHOCÓ,27245,El Carmen de Atrato,EL CARMEN DE ATRATO,El Carmen de Atrato,EL CARMEN DE ATRATO,EL CARMEN DE ATRATO,EL CARMEN DE ATRATO
27,CHOCÓ,27250,El Litoral del San Juan,EL LITORAL DEL SAN JUAN,El Litoral del San Juan,EL LITORAL DEL SAN JUAN,EL LITORAL DEL SAN JUAN,EL LITORAL DEL SAN JUAN
27,CHOCÓ,27361,Istmina,ISTMINA,Istmina,ISTMINA,ISTMINA,ISTMINA
27,CHOCÓ,27372,Juradó,JURADÓ,Juradó,JURADÃ“,JURADÃ“,JURADÃ“
27,CHOCÓ,27413,Lloró,LLORÓ,Lloró,LLORÃ“,LLORÃ“,LLORÃ“
27,CHOCÓ,27425,Medio Atrato,MEDIO ATRATO,Medio Atrato,MEDIO ATRATO,MEDIO ATRATO,MEDIO ATRATO
27,CHOCÓ,27430,Medio Baudó,MEDIO BAUDÓ,Medio Baudó,MEDIO BAUDÃ“,MEDIO BAUDÃ“,MEDIO BAUDÃ“
27,CHOCÓ,27450,Medio San Juan,MEDIO SAN JUAN,Medio San Juan,MEDIO SAN JUAN,MEDIO SAN JUAN,MEDIO SAN JUAN
27,CHOCÓ,27491,Nóvita,NÓVITA,Nóvita,NÃ“VITA,NÃ“VITA,NÃ“VITA
27,CHOCÓ,27495,Nuquí,NUQUÍ,Nuquí,NUQUÃ,NUQUÃ,NUQUÃ
27,CHOCÓ,27580,Río Iró,RÍO IRÓ,Río Iró,RÃO IRO,RÃO IRO,RÃO IRO
27,CHOCÓ,27600,Río Quito,RÍO QUITO,Río Quito,RÃO QUITO,RÃO QUITO,RÃO QUITO
27,CHOCÓ,27615,Riosucio,RIOSUCIO,Riosucio,RIOSUCIO,RIOSUCIO,RIOSUCIO
27,CHOCÓ,27660,San José del Palmar,SAN JOSÉ DEL PALMAR,San José del Palmar,SAN JOSÃ‰ DEL PALMAR,SAN JOSÃ‰ DEL PALMAR,SAN JOSÃ‰ DEL PALMAR
27,CHOCÓ,27745,Sipí,SIPÍ,Sipí,SIPÃ,SIPÃ,SIPÃ
27,CHOCÓ,27787,Tadó,TADÓ,Tadó,TADÃ“,TADÃ“,TADÃ“
27,CHOCÓ,27800,Unguía,UNGUÍA,Unguía,UNGUÃA,UNGUÃA,UNGUÃA
27,CHOCÓ,27810,Unión Panamericana,UNIÓN PANAMERICANA,Unión Panamericana,UNIÃ“N PANAMERICANA,UNIÃ“N PANAMERICANA,UNIÃ“N PANAMERICANA
41,HUILA,41001,Neiva,NEIVA,Neiva,NEIVA,NEIVA,NEIVA
41,HUILA,41006,Acevedo,ACEVEDO,Acevedo,ACEVEDO,ACEVEDO,ACEVEDO
41,HUILA,41013,Agrado,AGRADO,Agrado,AGRADO,AGRADO,AGRADO
41,HUILA,41016,Aipe,AIPE,Aipe,AIPE,AIPE,AIPE
41,HUILA,41020,Algeciras,ALGECIRAS,Algeciras,ALGECIRAS,ALGECIRAS,ALGECIRAS
41,HUILA,41026,Altamira,ALTAMIRA,Altamira,ALTAMIRA,ALTAMIRA,ALTAMIRA
41,HUILA,41078,Baraya,BARAYA,Baraya,BARAYA,BARAYA,BARAYA
41,HUILA,41132,Campoalegre,CAMPOALEGRE,Campoalegre,CAMPOALEGRE,CAMPOALEGRE,CAMPOALEGRE
41,HUILA,41206,Colombia,COLOMBIA,Colombia,COLOMBIA,COLOMBIA,COLOMBIA
41,HUILA,41244,Elías,ELÍAS,Elías,ELÃAS,ELÃAS,ELÃAS
41,HUILA,41298,Garzón,GARZÓN,Garzón,GARZÃ“N,GARZÃ“N,GARZÃ“N
41,HUILA,41306,Gigante,GIGANTE,Gigante,GIGANTE,GIGANTE,GIGANTE
41,HUILA,41319,Guadalupe,GUADALUPE,Guadalupe,GUADALUPE,GUADALUPE,GUADALUPE
41,HUILA,41349,Hobo,HOBO,Hobo,HOBO,HOBO,HOBO
41,HUILA,41357,Íquira,ÍQUIRA,Íquira,IQUIRA,IQUIRA,IQUIRA
41,HUILA,41359,Isnos,ISNOS,Isnos,ISNOS,ISNOS,ISNOS
41,HUILA,41378,La Argentina,LA ARGENTINA,La Argentina,LA ARGENTINA,LA ARGENTINA,LA ARGENTINA
41,HUILA,41396,La Plata,LA PLATA,La Plata,LA PLATA,LA PLATA,LA PLATA
41,HUILA,41483,Nátaga,NÁTAGA,Nátaga,NÃTAGA,NÃTAGA,NÃTAGA
41,HUILA,41503,Oporapa,OPORAPA,Oporapa,OPORAPA,OPORAPA,OPORAPA
41,HUILA,41518,Paicol,PAICOL,Paicol,PAICOL,PAICOL,PAICOL
41,HUILA,41524,Palermo,PALERMO,Palermo,PALERMO,PALERMO,PALERMO
41,HUILA,41530,Palestina,PALESTINA,Palestina,PALESTINA,PALESTINA,PALESTINA
41,HUILA,41548,Pital,PITAL,Pital,PITAL,PITAL,PITAL
41,HUILA,41551,Pitalito,PITALITO,Pitalito,PITALITO,PITALITO,PITALITO
41,HUILA,41615,Rivera,RIVERA,Rivera,RIVERA,RIVERA,RIVERA
41,HUILA,41660,Saladoblanco,SALADOBLANCO,Saladoblanco,SALADOBLANCO,SALADOBLANCO,SALADOBLANCO
41,HUILA,41668,San Agustín,SAN AGUSTÍN,San Agustín,SAN AGUSTÃN,SAN AGUSTÃN,SAN AGUSTÃN
41,HUILA,41676,Santa María,SANTA MARÍA,Santa María,SANTA MARÃA,SANTA MARÃA,SANTA MARÃA
41,HUILA,41770,Suaza,SUAZA,Suaza,SUAZA,SUAZA,SUAZA
41,HUILA,41791,Tarqui,TARQUI,Tarqui,TARQUI,TARQUI,TARQUI
41,HUILA,41797,Tesalia,TESALIA,Tesalia,TESALIA,TESALIA,TESALIA
41,HUILA,41799,Tello,TELLO,Tello,TELLO,TELLO,TELLO
41,HUILA,41801,Teruel,TERUEL,Teruel,TERUEL,TERUEL,TERUEL
41,HUILA,41807,Timaná,TIMANÁ,Timaná,TIMANÃ,TIMANÃ,TIMANÃ
41,HUILA,41872,Villavieja,VILLAVIEJA,Villavieja,VILLAVIEJA,VILLAVIEJA,VILLAVIEJA
41,HUILA,41885,Yaguará,YAGUARÁ,Yaguará,YAGUARÃ,YAGUARÃ,YAGUARÃ
44,LA GUAJIRA,44001,Riohacha,RIOHACHA,Riohacha,RIOHACHA,RIOHACHA,RIOHACHA
44,LA GUAJIRA,44035,Albania,ALBANIA,Albania,ALBANIA,ALBANIA,ALBANIA
44,LA GUAJIRA,44078,Barrancas,BARRANCAS,Barrancas,BARRANCAS,BARRANCAS,BARRANCAS
44,LA GUAJIRA,44090,Dibulla,DIBULLA,Dibulla,DIBULLA,DIBULLA,DIBULLA
44,LA GUAJIRA,44098,Distracción,DISTRACCIÓN,Distracción,DISTRACCIÃ“N,DISTRACCIÃ“N,DISTRACCIÃ“N
44,LA GUAJIRA,44110,El Molino,EL MOLINO,El Molino,EL MOLINO,EL MOLINO,EL MOLINO
44,LA GUAJIRA,44279,Fonseca,FONSECA,Fonseca,FONSECA,FONSECA,FONSECA
44,LA GUAJIRA,44378,Hatonuevo,HATONUEVO,Hatonuevo,HATONUEVO,HATONUEVO,HATONUEVO
44,LA GUAJIRA,44420,La Jagua del Pilar,LA JAGUA DEL PILAR,La Jagua del Pilar,LA JAGUA DEL PILAR,LA JAGUA DEL PILAR,LA JAGUA DEL PILAR
44,LA GUAJIRA,44430,Maicao,MAICAO,Maicao,MAICAO,MAICAO,MAICAO
44,LA GUAJIRA,44560,Manaure,MANAURE,Manaure,MANAURE,MANAURE,MANAURE
44,LA GUAJIRA,44650,San Juan del Cesar,SAN JUAN DEL CESAR,San Juan del Cesar,SAN JUAN DEL CESAR,SAN JUAN DEL CESAR,SAN JUAN DEL CESAR
44,LA GUAJIRA,44847,Uribia,URIBIA,Uribia,URIBIA,URIBIA,URIBIA
44,LA GUAJIRA,44855,Urumita,URUMITA,Urumita,URUMITA,URUMITA,URUMITA
44,LA GUAJIRA,44874,Villanueva,VILLANUEVA,Villanueva,VILLANUEVA,VILLANUEVA,VILLANUEVA
47,MAGDALENA,47001,Santa Marta,SANTA MARTA,Santa Marta,SANTA MARTA,SANTA MARTA,SANTA MARTA
47,MAGDALENA,47030,Algarrobo,ALGARROBO,Algarrobo,ALGARROBO,ALGARROBO,ALGARROBO
47,MAGDALENA,47053,Aracataca,ARACATACA,Aracataca,ARACATACA,ARACATACA,ARACATACA
47,MAGDALENA,47058,Ariguaní,ARIGUANÍ,Ariguaní,ARIGUANÃ,ARIGUANÃ,ARIGUANÃ
47,MAGDALENA,47161,Cerro de San Antonio,CERRO DE SAN ANTONIO,Cerro de San Antonio,CERRO SAN ANTONIO,CERRO SAN ANTONIO,CERRO SAN ANTONIO
47,MAGDALENA,47170,Chibolo,CHIVOLO,Chibolo,CHIBOLO,CHIBOLO,CHIBOLO
47,MAGDALENA,47189,Ciénaga,CIÉNAGA,Ciénaga,CIÃ‰NAGA,CIÃ‰NAGA,CIÃ‰NAGA
47,MAGDALENA,47205,Concordia,CONCORDIA,Concordia,CONCORDIA,CONCORDIA,CONCORDIA
47,MAGDALENA,47245,El Banco,EL BANCO,El Banco,EL BANCO,EL BANCO,EL BANCO
47,MAGDALENA,47258,El Piñón,EL PIÑÓN,El Piñón,EL PIÃ‘ON,EL PIÃ‘ON,EL PIÃ‘ON
47,MAGDALENA,47268,El Retén,EL RETÉN,El Retén,EL RETÃ‰N,EL RETÃ‰N,EL RETÃ‰N
47,MAGDALENA,47288,Fundación,FUNDACIÓN,Fundación,FUNDACIÃ“N,FUNDACIÃ“N,FUNDACIÃ“N
47,MAGDALENA,47318,Guamal,GUAMAL,Guamal,GUAMAL,GUAMAL,GUAMAL
47,MAGDALENA,47460,Nueva Granada,NUEVA GRANADA,Nueva Granada,NUEVA GRANADA,NUEVA GRANADA,NUEVA GRANADA
47,MAGDALENA,47541,Pedraza,PEDRAZA,Pedraza,PEDRAZA,PEDRAZA,PEDRAZA
47,MAGDALENA,47545,Pijiño del Carmen,PIJIÑO DEL CARMEN,Pijiño del Carmen,PIJIÃ‘O DEL CARMEN,PIJIÃ‘O DEL CARMEN,PIJIÃ‘O DEL CARMEN
47,MAGDALENA,47551,Pivijay,PIVIJAY,Pivijay,PIVIJAY,PIVIJAY,PIVIJAY
47,MAGDALENA,47555,Plato,PLATO,Plato,PLATO,PLATO,PLATO
47,MAGDALENA,47570,Puebloviejo,PUEBLOVIEJO,Puebloviejo,PUEBLOVIEJO,PUEBLOVIEJO,PUEBLOVIEJO
47,MAGDALENA,47605,Remolino,REMOLINO,Remolino,REMOLINO,REMOLINO,REMOLINO
47,MAGDALENA,47660,Sabanas de San Ángel,SABANAS DE SAN ÁNGEL,Sabanas de San Ángel,SABANAS DE SAN ANGEL,SABANAS DE SAN ANGEL,SABANAS DE SAN ANGEL
47,MAGDALENA,47675,Salamina,SALAMINA,Salamina,SALAMINA,SALAMINA,SALAMINA
47,MAGDALENA,47692,San Sebastián de Buenavista,SAN SEBASTIÁN DE BUENAVISTA,San Sebastián de Buenavista,SAN SEBASTIÃN DE BUENAVISTA,SAN SEBASTIÃN DE BUENAVISTA,SAN SEBASTIÃN DE BUENAVISTA
47,MAGDALENA,47703,San Zenón,SAN ZENÓN,San Zenón,SAN ZENÃ“N,SAN ZENÃ“N,SAN ZENÃ“N
47,MAGDALENA,47707,Santa Ana,SANTA ANA,Santa Ana,SANTA ANA,SANTA ANA,SANTA ANA
47,MAGDALENA,47720,Santa Bárbara de Pinto,SANTA BÁRBARA DE PINTO,Santa Bárbara de Pinto,SANTA BÃRBARA DE PINTO,SANTA BÃRBARA DE PINTO,SANTA BÃRBARA DE PINTO
47,MAGDALENA,47745,Sitionuevo,SITIONUEVO,Sitionuevo,SITIONUEVO,SITIONUEVO,SITIONUEVO
47,MAGDALENA,47798,Tenerife,TENERIFE,Tenerife,TENERIFE,TENERIFE,TENERIFE
47,MAGDALENA,47960,Zapayán,ZAPAYÁN,Zapayán,ZAPAYÃN,ZAPAYÃN,ZAPAYÃN
47,MAGDALENA,47980,Zona Bananera,ZONA BANANERA,Zona Bananera,ZONA BANANERA,ZONA BANANERA,ZONA BANANERA
50,META,50001,Villavicencio,VILLAVICENCIO,Villavicencio,VILLAVICENCIO,VILLAVICENCIO,VILLAVICENCIO
50,META,50006,Acacías,ACACÍAS,Acacías,ACACÃAS,ACACÃAS,ACACÃAS
50,META,50110,Barranca de Upía,BARRANCA DE UPÍA,Barranca de Upía,BARRANCA DE UPÃA,BARRANCA DE UPÃA,BARRANCA DE UPÃA
50,META,50124,Cabuyaro,CABUYARO,Cabuyaro,CABUYARO,CABUYARO,CABUYARO
50,META,50150,Castilla la Nueva,CASTILLA LA NUEVA,Castilla la Nueva,CASTILLA LA NUEVA,CASTILLA LA NUEVA,CASTILLA LA NUEVA
50,META,50223,Cubarral,CUBARRAL,Cubarral,CUBARRAL,CUBARRAL,CUBARRAL
50,META,50226,Cumaral,CUMARAL,Cumaral,CUMARAL,CUMARAL,CUMARAL
50,META,50245,El Calvario,EL CALVARIO,El Calvario,EL CALVARIO,EL CALVARIO,EL CALVARIO
50,META,50251,El Castillo,EL CASTILLO,El Castillo,EL CASTILLO,EL CASTILLO,EL CASTILLO
50,META,50270,El Dorado,EL DORADO,El Dorado,EL DORADO,EL DORADO,EL DORADO
50,META,50287,Fuente de Oro,FUENTE DE ORO,Fuente de Oro,FUENTE DE ORO,FUENTE DE ORO,FUENTE DE ORO
50,META,50313,Granada,GRANADA,Granada,GRANADA,GRANADA,GRANADA
50,META,50318,Guamal,GUAMAL,Guamal,GUAMAL,GUAMAL,GUAMAL
50,META,50325,Mapiripán,MAPIRIPÁN,Mapiripán,MAPIRIPÃN,MAPIRIPÃN,MAPIRIPÃN
50,META,50330,Mesetas,MESETAS,Mesetas,MESETAS,MESETAS,MESETAS
50,META,50350,La Macarena,LA MACARENA,La Macarena,LA MACARENA,LA MACARENA,LA MACARENA
50,META,50370,Uribe,URIBE,Uribe,URIBE,URIBE,URIBE
50,META,50400,Lejanías,LEJANÍAS,Lejanías,LEJANÃAS,LEJANÃAS,LEJANÃAS
50,META,50450,Puerto Concordia,PUERTO CONCORDIA,Puerto Concordia,PUERTO CONCORDIA,PUERTO CONCORDIA,PUERTO CONCORDIA
50,META,50568,Puerto Gaitán,PUERTO GAITÁN,Puerto Gaitán,PUERTO GAITÃN,PUERTO GAITÃN,PUERTO GAITÃN
50,META,50573,Puerto López,PUERTO LÓPEZ,Puerto López,PUERTO LÃ“PEZ,PUERTO LÃ“PEZ,PUERTO LÃ“PEZ
50,META,50577,Puerto Lleras,PUERTO LLERAS,Puerto Lleras,PUERTO LLERAS,PUERTO LLERAS,PUERTO LLERAS
50,META,50590,Puerto Rico,PUERTO RICO,Puerto Rico,PUERTO RICO,PUERTO RICO,PUERTO RICO
50,META,50606,Restrepo,RESTREPO,Restrepo,RESTREPO,RESTREPO,RESTREPO
50,META,50680,San Carlos de Guaroa,SAN CARLOS DE GUAROA,San Carlos de Guaroa,SAN CARLOS DE GUAROA,SAN CARLOS DE GUAROA,SAN CARLOS DE GUAROA
50,META,50683,San Juan de Arama,SAN JUAN DE ARAMA,San Juan de Arama,SAN JUAN DE ARAMA,SAN JUAN DE ARAMA,SAN JUAN DE ARAMA
50,META,50686,San Juanito,SAN JUANITO,San Juanito,SAN JUANITO,SAN JUANITO,SAN JUANITO
50,META,50689,San Martín,SAN MARTÍN,San Martín,SAN MARTÃN,SAN MARTÃN,SAN MARTÃN
50,META,50711,Vistahermosa,VISTAHERMOSA,Vistahermosa,VISTAHERMOSA,VISTAHERMOSA,VISTAHERMOSA
52,NARIÑO,52001,Pasto,PASTO,Pasto,PASTO,PASTO,PASTO
52,NARIÑO,52019,Albán,ALBÁN,Albán,ALBÃN,ALBÃN,ALBÃN
52,NARIÑO,52022,Aldana,ALDANA,Aldana,ALDANA,ALDANA,ALDANA
52,NARIÑO,52036,Ancuya,ANCUYA,Ancuya,ANCUYÃ,ANCUYÃ,ANCUYÃ
52,NARIÑO,52051,Arboleda,ARBOLEDA,Arboleda,ARBOLEDA,ARBOLEDA,ARBOLEDA
52,NARIÑO,52079,Barbacoas,BARBACOAS,Barbacoas,BARBACOAS,BARBACOAS,BARBACOAS
52,NARIÑO,52083,Belén,BELÉN,Belén,BELÃ‰N,BELÃ‰N,BELÃ‰N
52,NARIÑO,52110,Buesaco,BUESACO,Buesaco,BUESACO,BUESACO,BUESACO
52,NARIÑO,52203,Colón,COLÓN,Colón,COLÃ“N,COLÃ“N,COLÃ“N
52,NARIÑO,52207,Consacá,CONSACÁ,Consacá,CONSACA,CONSACA,CONSACA
52,NARIÑO,52210,Contadero,CONTADERO,Contadero,CONTADERO,CONTADERO,CONTADERO
52,NARIÑO,52215,Córdoba,CÓRDOBA,Córdoba,CÃ“RDOBA,CÃ“RDOBA,CÃ“RDOBA
52,NARIÑO,52224,Cuaspud Carlosama,CUASPUD CARLOSAMA,Cuaspud Carlosama,CUASPUD,CUASPUD,CUASPUD
52,NARIÑO,52227,Cumbal,CUMBAL,Cumbal,CUMBAL,CUMBAL,CUMBAL
52,NARIÑO,52233,Cumbitara,CUMBITARA,Cumbitara,CUMBITARA,CUMBITARA,CUMBITARA
52,NARIÑO,52240,Chachagüí,CHACHAGÜÍ,Chachagüí,CHACHAGÃœÃ,CHACHAGÃœÃ,CHACHAGÃœÃ
52,NARIÑO,52250,El Charco,EL CHARCO,El Charco,EL CHARCO,EL CHARCO,EL CHARCO
52,NARIÑO,52254,El Peñol,EL PEÑOL,El Peñol,EL PEÃ‘OL,EL PEÃ‘OL,EL PEÃ‘OL
52,NARIÑO,52256,El Rosario,EL ROSARIO,El Rosario,EL ROSARIO,EL ROSARIO,EL ROSARIO
52,NARIÑO,52258,El Tablón de Gómez,EL TABLÓN DE GÓMEZ,El Tablón de Gómez,EL TABLÃ“N DE GÃ“MEZ,EL TABLÃ“N DE GÃ“MEZ,EL TABLÃ“N DE GÃ“MEZ
52,NARIÑO,52260,El Tambo,EL TAMBO,El Tambo,EL TAMBO,EL TAMBO,EL TAMBO
52,NARIÑO,52287,Funes,FUNES,Funes,FUNES,FUNES,FUNES
52,NARIÑO,52317,Guachucal,GUACHUCAL,Guachucal,GUACHUCAL,GUACHUCAL,GUACHUCAL
52,NARIÑO,52320,Guaitarilla,GUAITARILLA,Guaitarilla,GUAITARILLA,GUAITARILLA,GUAITARILLA
52,NARIÑO,52323,Gualmatán,GUALMATÁN,Gualmatán,GUALMATÃN,GUALMATÃN,GUALMATÃN
52,NARIÑO,52352,Iles,ILES,Iles,ILES,ILES,ILES
52,NARIÑO,52354,Imués,IMUÉS,Imués,IMUÃ‰S,IMUÃ‰S,IMUÃ‰S
52,NARIÑO,52356,Ipiales,IPIALES,Ipiales,IPIALES,IPIALES,IPIALES
52,NARIÑO,52378,La Cruz,LA CRUZ,La Cruz,LA CRUZ,LA CRUZ,LA CRUZ
52,NARIÑO,52381,La Florida,LA FLORIDA,La Florida,LA FLORIDA,LA FLORIDA,LA FLORIDA
52,NARIÑO,52385,La Llanada,LA LLANADA,La Llanada,LA LLANADA,LA LLANADA,LA LLANADA
52,NARIÑO,52390,La Tola,LA TOLA,La Tola,LA TOLA,LA TOLA,LA TOLA
52,NARIÑO,52399,La Unión,LA UNIÓN,La Unión,LA UNIÃ“N,LA UNIÃ“N,LA UNIÃ“N
52,NARIÑO,52405,Leiva,LEIVA,Leiva,LEIVA,LEIVA,LEIVA
52,NARIÑO,52411,Linares,LINARES,Linares,LINARES,LINARES,LINARES
52,NARIÑO,52418,Los Andes,LOS ANDES,Los Andes,LOS ANDES,LOS ANDES,LOS ANDES
52,NARIÑO,52427,Magüí,MAGÜÍ,Magüí,MAGÃœI,MAGÃœI,MAGÃœI
52,NARIÑO,52435,Mallama,MALLAMA,Mallama,MALLAMA,MALLAMA,MALLAMA
52,NARIÑO,52473,Mosquera,MOSQUERA,Mosquera,MOSQUERA,MOSQUERA,MOSQUERA
52,NARIÑO,52480,Nariño,NARIÑO,Nariño,NARIÃ‘O,NARIÃ‘O,NARIÃ‘O
52,NARIÑO,52490,Olaya Herrera,OLAYA HERRERA,Olaya Herrera,OLAYA HERRERA,OLAYA HERRERA,OLAYA HERRERA
52,NARIÑO,52506,Ospina,OSPINA,Ospina,OSPINA,OSPINA,OSPINA
52,NARIÑO,52520,Francisco Pizarro,FRANCISCO PIZARRO,Francisco Pizarro,FRANCISCO PIZARRO,FRANCISCO PIZARRO,FRANCISCO PIZARRO
52,NARIÑO,52540,Policarpa,POLICARPA,Policarpa,POLICARPA,POLICARPA,POLICARPA
52,NARIÑO,52560,Potosí,POTOSÍ,Potosí,POTOSÃ,POTOSÃ,POTOSÃ
52,NARIÑO,52565,Providencia,PROVIDENCIA,Providencia,PROVIDENCIA,PROVIDENCIA,PROVIDENCIA
52,NARIÑO,52573,Puerres,PUERRES,Puerres,PUERRES,PUERRES,PUERRES
52,NARIÑO,52585,Pupiales,PUPIALES,Pupiales,PUPIALES,PUPIALES,PUPIALES
52,NARIÑO,52612,Ricaurte,RICAURTE,Ricaurte,RICAURTE,RICAURTE,RICAURTE
52,NARIÑO,52621,Roberto Payán,ROBERTO PAYÁN,Roberto Payán,ROBERTO PAYÃN,ROBERTO PAYÃN,ROBERTO PAYÃN
52,NARIÑO,52678,Samaniego,SAMANIEGO,Samaniego,SAMANIEGO,SAMANIEGO,SAMANIEGO
52,NARIÑO,52683,Sandoná,SANDONÁ,Sandoná,SANDONÃ,SANDONÃ,SANDONÃ
52,NARIÑO,52685,San Bernardo,SAN BERNARDO,San Bernardo,SAN BERNARDO,SAN BERNARDO,SAN BERNARDO
52,NARIÑO,52687,San Lorenzo,SAN LORENZO,San Lorenzo,SAN LORENZO,SAN LORENZO,SAN LORENZO
52,NARIÑO,52693,San Pablo,SAN PABLO,San Pablo,SAN PABLO,SAN PABLO,SAN PABLO
52,NARIÑO,52694,San Pedro de Cartago,SAN PEDRO DE CARTAGO,San Pedro de Cartago,SAN PEDRO DE CARTAGO,SAN PEDRO DE CARTAGO,SAN PEDRO DE CARTAGO
52,NARIÑO,52696,Santa Bárbara,SANTA BÁRBARA,Santa Bárbara,SANTA BÃRBARA,SANTA BÃRBARA,SANTA BÃRBARA
52,NARIÑO,52699,Santacruz,SANTACRUZ,Santacruz,SANTACRUZ,SANTACRUZ,SANTACRUZ
52,NARIÑO,52720,Sapuyes,SAPUYES,Sapuyes,SAPUYES,SAPUYES,SAPUYES
52,NARIÑO,52786,Taminango,TAMINANGO,Taminango,TAMINANGO,TAMINANGO,TAMINANGO
52,NARIÑO,52788,Tangua,TANGUA,Tangua,TANGUA,TANGUA,TANGUA
52,NARIÑO,52835,San Andrés de Tumaco,SAN ANDRÉS DE TUMACO,San Andrés de Tumaco,TUMACO,TUMACO,TUMACO
52,NARIÑO,52838,Túquerres,TÚQUERRES,Túquerres,TÃšQUERRES,TÃšQUERRES,TÃšQUERRES
52,NARIÑO,52885,Yacuanquer,YACUANQUER,Yacuanquer,YACUANQUER,YACUANQUER,YACUANQUER
54,NORTE DE SANTANDER,54001,San José de Cúcuta,SAN JOSÉ DE CÚCUTA,San José de Cúcuta,CÃšCUTA,CÃšCUTA,CÃšCUTA
54,NORTE DE SANTANDER,54003,Ábrego,ÁBREGO,Ábrego,ABREGO,ABREGO,ABREGO
54,NORTE DE SANTANDER,54051,Arboledas,ARBOLEDAS,Arboledas,ARBOLEDAS,ARBOLEDAS,ARBOLEDAS
54,NORTE DE SANTANDER,54099,Bochalema,BOCHALEMA,Bochalema,BOCHALEMA,BOCHALEMA,BOCHALEMA
54,NORTE DE SANTANDER,54109,Bucarasica,BUCARASICA,Bucarasica,BUCARASICA,BUCARASICA,BUCARASICA
54,NORTE DE SANTANDER,54125,Cácota,CÁCOTA,Cácota,CÃCOTA,CÃCOTA,CÃCOTA
54,NORTE DE SANTANDER,54128,Cáchira,CÁCHIRA,Cáchira,CACHIRÃ,CACHIRÃ,CACHIRÃ
54,NORTE DE SANTANDER,54172,Chinácota,CHINÁCOTA,Chinácota,CHINÃCOTA,CHINÃCOTA,CHINÃCOTA
54,NORTE DE SANTANDER,54174,Chitagá,CHITAGÁ,Chitagá,CHITAGÃ,CHITAGÃ,CHITAGÃ
54,NORTE DE SANTANDER,54206,Convención,CONVENCIÓN,Convención,CONVENCIÃ“N,CONVENCIÃ“N,CONVENCIÃ“N
54,NORTE DE SANTANDER,54223,Cucutilla,CUCUTILLA,Cucutilla,CUCUTILLA,CUCUTILLA,CUCUTILLA
54,NORTE DE SANTANDER,54239,Durania,DURANIA,Durania,DURANIA,DURANIA,DURANIA
54,NORTE DE SANTANDER,54245,El Carmen,EL CARMEN,El Carmen,EL CARMEN,EL CARMEN,EL CARMEN
54,NORTE DE SANTANDER,54250,El Tarra,EL TARRA,El Tarra,EL TARRA,EL TARRA,EL TARRA
54,NORTE DE SANTANDER,54261,El Zulia,EL ZULIA,El Zulia,EL ZULIA,EL ZULIA,EL ZULIA
54,NORTE DE SANTANDER,54313,Gramalote,GRAMALOTE,Gramalote,GRAMALOTE,GRAMALOTE,GRAMALOTE
54,NORTE DE SANTANDER,54344,Hacarí,HACARÍ,Hacarí,HACARÃ,HACARÃ,HACARÃ
54,NORTE DE SANTANDER,54347,Herrán,HERRÁN,Herrán,HERRÃN,HERRÃN,HERRÃN
54,NORTE DE SANTANDER,54377,Labateca,LABATECA,Labateca,LABATECA,LABATECA,LABATECA
54,NORTE DE SANTANDER,54385,La Esperanza,LA ESPERANZA,La Esperanza,LA ESPERANZA,LA ESPERANZA,LA ESPERANZA
54,NORTE DE SANTANDER,54398,La Playa,LA PLAYA,La Playa,LA PLAYA,LA PLAYA,LA PLAYA
54,NORTE DE SANTANDER,54405,Los Patios,LOS PATIOS,Los Patios,LOS PATIOS,LOS PATIOS,LOS PATIOS
54,NORTE DE SANTANDER,54418,Lourdes,LOURDES,Lourdes,LOURDES,LOURDES,LOURDES
54,NORTE DE SANTANDER,54480,Mutiscua,MUTISCUA,Mutiscua,MUTISCUA,MUTISCUA,MUTISCUA
54,NORTE DE SANTANDER,54498,Ocaña,OCAÑA,Ocaña,OCAÃ‘A,OCAÃ‘A,OCAÃ‘A
54,NORTE DE SANTANDER,54518,Pamplona,PAMPLONA,Pamplona,PAMPLONA,PAMPLONA,PAMPLONA
54,NORTE DE SANTANDER,54520,Pamplonita,PAMPLONITA,Pamplonita,PAMPLONITA,PAMPLONITA,PAMPLONITA
54,NORTE DE SANTANDER,54553,Puerto Santander,PUERTO SANTANDER,Puerto Santander,PUERTO SANTANDER,PUERTO SANTANDER,PUERTO SANTANDER
54,NORTE DE SANTANDER,54599,Ragonvalia,RAGONVALIA,Ragonvalia,RAGONVALIA,RAGONVALIA,RAGONVALIA
54,NORTE DE SANTANDER,54660,Salazar,SALAZAR,Salazar,SALAZAR,SALAZAR,SALAZAR
54,NORTE DE SANTANDER,54670,San Calixto,SAN CALIXTO,San Calixto,SAN CALIXTO,SAN CALIXTO,SAN CALIXTO
54,NORTE DE SANTANDER,54673,San Cayetano,SAN CAYETANO,San Cayetano,SAN CAYETANO,SAN CAYETANO,SAN CAYETANO
54,NORTE DE SANTANDER,54680,Santiago,SANTIAGO,Santiago,SANTIAGO,SANTIAGO,SANTIAGO
54,NORTE DE SANTANDER,54720,Sardinata,SARDINATA,Sardinata,SARDINATA,SARDINATA,SARDINATA
54,NORTE DE SANTANDER,54743,Silos,SILOS,Silos,SILOS,SILOS,SILOS
54,NORTE DE SANTANDER,54800,Teorama,TEORAMA,Teorama,TEORAMA,TEORAMA,TEORAMA
54,NORTE DE SANTANDER,54810,Tibú,TIBÚ,Tibú,TIBÃš,TIBÃš,TIBÃš
54,NORTE DE SANTANDER,54820,Toledo,TOLEDO,Toledo,TOLEDO,TOLEDO,TOLEDO
54,NORTE DE SANTANDER,54871,Villa Caro,VILLA CARO,Villa Caro,VILLA CARO,VILLA CARO,VILLA CARO
54,NORTE DE SANTANDER,54874,Villa del Rosario,VILLA DEL ROSARIO,Villa del Rosario,VILLA DEL ROSARIO,VILLA DEL ROSARIO,VILLA DEL ROSARIO
63,QUINDÍO,63001,Armenia,ARMENIA,Armenia,ARMENIA,ARMENIA,ARMENIA
63,QUINDÍO,63111,Buenavista,BUENAVISTA,Buenavista,BUENAVISTA,BUENAVISTA,BUENAVISTA
63,QUINDÍO,63130,Calarcá,CALARCÁ,Calarcá,CALARCA,CALARCA,CALARCA
63,QUINDÍO,63190,Circasia,CIRCASIA,Circasia,CIRCASIA,CIRCASIA,CIRCASIA
63,QUINDÍO,63212,Córdoba,CÓRDOBA,Córdoba,CÃ“RDOBA,CÃ“RDOBA,CÃ“RDOBA
63,QUINDÍO,63272,Filandia,FILANDIA,Filandia,FILANDIA,FILANDIA,FILANDIA
63,QUINDÍO,63302,Génova,GÉNOVA,Génova,GÃ‰NOVA,GÃ‰NOVA,GÃ‰NOVA
63,QUINDÍO,63401,La Tebaida,LA TEBAIDA,La Tebaida,LA TEBAIDA,LA TEBAIDA,LA TEBAIDA
63,QUINDÍO,63470,Montenegro,MONTENEGRO,Montenegro,MONTENEGRO,MONTENEGRO,MONTENEGRO
63,QUINDÍO,63548,Pijao,PIJAO,Pijao,PIJAO,PIJAO,PIJAO
63,QUINDÍO,63594,Quimbaya,QUIMBAYA,Quimbaya,QUIMBAYA,QUIMBAYA,QUIMBAYA
63,QUINDÍO,63690,Salento,SALENTO,Salento,SALENTO,SALENTO,SALENTO
66,RISARALDA,66001,Pereira,PEREIRA,Pereira,PEREIRA,PEREIRA,PEREIRA
66,RISARALDA,66045,Apía,APÍA,Apía,APÃA,APÃA,APÃA
66,RISARALDA,66075,Balboa,BALBOA,Balboa,BALBOA,BALBOA,BALBOA
66,RISARALDA,66088,Belén de Umbría,BELÉN DE UMBRÍA,Belén de Umbría,BELÃ‰N DE UMBRÃA,BELÃ‰N DE UMBRÃA,BELÃ‰N DE UMBRÃA
66,RISARALDA,66170,Dosquebradas,DOSQUEBRADAS,Dosquebradas,DOSQUEBRADAS,DOSQUEBRADAS,DOSQUEBRADAS
66,RISARALDA,66318,Guática,GUÁTICA,Guática,GUÃTICA,GUÃTICA,GUÃTICA
66,RISARALDA,66383,La Celia,LA CELIA,La Celia,LA CELIA,LA CELIA,LA CELIA
66,RISARALDA,66400,La Virginia,LA VIRGINIA,La Virginia,LA VIRGINIA,LA VIRGINIA,LA VIRGINIA
66,RISARALDA,66440,Marsella,MARSELLA,Marsella,MARSELLA,MARSELLA,MARSELLA
66,RISARALDA,66456,Mistrató,MISTRATÓ,Mistrató,MISTRATÃ“,MISTRATÃ“,MISTRATÃ“
66,RISARALDA,66572,Pueblo Rico,PUEBLO RICO,Pueblo Rico,PUEBLO RICO,PUEBLO RICO,PUEBLO RICO
66,RISARALDA,66594,Quinchía,QUINCHÍA,Quinchía,QUINCHÃA,QUINCHÃA,QUINCHÃA
66,RISARALDA,66682,Santa Rosa de Cabal,SANTA ROSA DE CABAL,Santa Rosa de Cabal,SANTA ROSA DE CABAL,SANTA ROSA DE CABAL,SANTA ROSA DE CABAL
66,RISARALDA,66687,Santuario,SANTUARIO,Santuario,SANTUARIO,SANTUARIO,SANTUARIO
68,SANTANDER,68001,Bucaramanga,BUCARAMANGA,Bucaramanga,BUCARAMANGA,BUCARAMANGA,BUCARAMANGA
68,SANTANDER,68013,Aguada,AGUADA,Aguada,AGUADA,AGUADA,AGUADA
68,SANTANDER,68020,Albania,ALBANIA,Albania,ALBANIA,ALBANIA,ALBANIA
68,SANTANDER,68051,Aratoca,ARATOCA,Aratoca,ARATOCA,ARATOCA,ARATOCA
68,SANTANDER,68077,Barbosa,BARBOSA,Barbosa,BARBOSA,BARBOSA,BARBOSA
68,SANTANDER,68079,Barichara,BARICHARA,Barichara,BARICHARA,BARICHARA,BARICHARA
68,SANTANDER,68081,Barrancabermeja,BARRANCABERMEJA,Barrancabermeja,BARRANCABERMEJA,BARRANCABERMEJA,BARRANCABERMEJA
68,SANTANDER,68092,Betulia,BETULIA,Betulia,BETULIA,BETULIA,BETULIA
68,SANTANDER,68101,Bolívar,BOLÍVAR,Bolívar,BOLÃVAR,BOLÃVAR,BOLÃVAR
68,SANTANDER,68121,Cabrera,CABRERA,Cabrera,CABRERA,CABRERA,CABRERA
68,SANTANDER,68132,California,CALIFORNIA,California,CALIFORNIA,CALIFORNIA,CALIFORNIA
68,SANTANDER,68147,Capitanejo,CAPITANEJO,Capitanejo,CAPITANEJO,CAPITANEJO,CAPITANEJO
68,SANTANDER,68152,Carcasí,CARCASÍ,Carcasí,CARCASÃ,CARCASÃ,CARCASÃ
68,SANTANDER,68160,Cepitá,CEPITÁ,Cepitá,CEPITÃ,CEPITÃ,CEPITÃ
68,SANTANDER,68162,Cerrito,CERRITO,Cerrito,CERRITO,CERRITO,CERRITO
68,SANTANDER,68167,Charalá,CHARALÁ,Charalá,CHARALÃ,CHARALÃ,CHARALÃ
68,SANTANDER,68169,Charta,CHARTA,Charta,CHARTA,CHARTA,CHARTA
68,SANTANDER,68176,Chimá,CHIMA,Chimá,CHIMA,CHIMA,CHIMA
68,SANTANDER,68179,Chipatá,CHIPATÁ,Chipatá,CHIPATÃ,CHIPATÃ,CHIPATÃ
68,SANTANDER,68190,Cimitarra,CIMITARRA,Cimitarra,CIMITARRA,CIMITARRA,CIMITARRA
68,SANTANDER,68207,Concepción,CONCEPCIÓN,Concepción,CONCEPCIÃ“N,CONCEPCIÃ“N,CONCEPCIÃ“N
68,SANTANDER,68209,Confines,CONFINES,Confines,CONFINES,CONFINES,CONFINES
68,SANTANDER,68211,Contratación,CONTRATACIÓN,Contratación,CONTRATACIÃ“N,CONTRATACIÃ“N,CONTRATACIÃ“N
68,SANTANDER,68217,Coromoro,COROMORO,Coromoro,COROMORO,COROMORO,COROMORO
68,SANTANDER,68229,Curití,CURITÍ,Curití,CURITÃ,CURITÃ,CURITÃ
68,SANTANDER,68235,El Carmen de Chucurí,EL CARMEN DE CHUCURÍ,El Carmen de Chucurí,EL CARMEN DE CHUCURÃ,EL CARMEN DE CHUCURÃ,EL CARMEN DE CHUCURÃ
68,SANTANDER,68245,El Guacamayo,EL GUACAMAYO,El Guacamayo,EL GUACAMAYO,EL GUACAMAYO,EL GUACAMAYO
68,SANTANDER,68250,El Peñón,EL PEÑÓN,El Peñón,EL PEÃ‘Ã“N,EL PEÃ‘Ã“N,EL PEÃ‘Ã“N
68,SANTANDER,68255,El Playón,EL PLAYÓN,El Playón,EL PLAYÃ“N,EL PLAYÃ“N,EL PLAYÃ“N
68,SANTANDER,68264,Encino,ENCINO,Encino,ENCINO,ENCINO,ENCINO
68,SANTANDER,68266,Enciso,ENCISO,Enciso,ENCISO,ENCISO,ENCISO
68,SANTANDER,68271,Florián,FLORIÁN,Florián,FLORIÃN,FLORIÃN,FLORIÃN
68,SANTANDER,68276,Floridablanca,FLORIDABLANCA,Floridablanca,FLORIDABLANCA,FLORIDABLANCA,FLORIDABLANCA
68,SANTANDER,68296,Galán,GALÁN,Galán,GALÃN,GALÃN,GALÃN
68,SANTANDER,68298,Gámbita,GÁMBITA,Gámbita,GAMBITA,GAMBITA,GAMBITA
68,SANTANDER,68307,Girón,GIRÓN,Girón,GIRÃ“N,GIRÃ“N,GIRÃ“N
68,SANTANDER,68318,Guaca,GUACA,Guaca,GUACA,GUACA,GUACA
68,SANTANDER,68320,Guadalupe,GUADALUPE,Guadalupe,GUADALUPE,GUADALUPE,GUADALUPE
68,SANTANDER,68322,Guapotá,GUAPOTÁ,Guapotá,GUAPOTÃ,GUAPOTÃ,GUAPOTÃ
68,SANTANDER,68324,Guavatá,GUAVATÁ,Guavatá,GUAVATÃ,GUAVATÃ,GUAVATÃ
68,SANTANDER,68327,Güepsa,GÜEPSA,Güepsa,GÃœEPSA,GÃœEPSA,GÃœEPSA
68,SANTANDER,68344,Hato,HATO,Hato,HATO,HATO,HATO
68,SANTANDER,68368,Jesús María,JESÚS MARÍA,Jesús María,JESÃšS MARÃA,JESÃšS MARÃA,JESÃšS MARÃA
68,SANTANDER,68370,Jordán,JORDÁN,Jordán,JORDÃN,JORDÃN,JORDÃN
68,SANTANDER,68377,La Belleza,LA BELLEZA,La Belleza,LA BELLEZA,LA BELLEZA,LA BELLEZA
68,SANTANDER,68385,Landázuri,LANDÁZURI,Landázuri,LANDÃZURI,LANDÃZURI,LANDÃZURI
68,SANTANDER,68397,La Paz,LA PAZ,La Paz,LA PAZ,LA PAZ,LA PAZ
68,SANTANDER,68406,Lebrija,LEBRIJA,Lebrija,LEBRÃJA,LEBRÃJA,LEBRÃJA
68,SANTANDER,68418,Los Santos,LOS SANTOS,Los Santos,LOS SANTOS,LOS SANTOS,LOS SANTOS
68,SANTANDER,68425,Macaravita,MACARAVITA,Macaravita,MACARAVITA,MACARAVITA,MACARAVITA
68,SANTANDER,68432,Málaga,MÁLAGA,Málaga,MÃLAGA,MÃLAGA,MÃLAGA
68,SANTANDER,68444,Matanza,MATANZA,Matanza,MATANZA,MATANZA,MATANZA
68,SANTANDER,68464,Mogotes,MOGOTES,Mogotes,MOGOTES,MOGOTES,MOGOTES
68,SANTANDER,68468,Molagavita,MOLAGAVITA,Molagavita,MOLAGAVITA,MOLAGAVITA,MOLAGAVITA
68,SANTANDER,68498,Ocamonte,OCAMONTE,Ocamonte,OCAMONTE,OCAMONTE,OCAMONTE
68,SANTANDER,68500,Oiba,OIBA,Oiba,OIBA,OIBA,OIBA
68,SANTANDER,68502,Onzaga,ONZAGA,Onzaga,ONZAGA,ONZAGA,ONZAGA
68,SANTANDER,68522,Palmar,PALMAR,Palmar,PALMAR,PALMAR,PALMAR
68,SANTANDER,68524,Palmas del Socorro,PALMAS DEL SOCORRO,Palmas del Socorro,PALMAS DEL SOCORRO,PALMAS DEL SOCORRO,PALMAS DEL SOCORRO
68,SANTANDER,68533,Páramo,PÁRAMO,Páramo,PÃRAMO,PÃRAMO,PÃRAMO
68,SANTANDER,68547,Piedecuesta,PIEDECUESTA,Piedecuesta,PIEDECUESTA,PIEDECUESTA,PIEDECUESTA
68,SANTANDER,68549,Pinchote,PINCHOTE,Pinchote,PINCHOTE,PINCHOTE,PINCHOTE
68,SANTANDER,68572,Puente Nacional,PUENTE NACIONAL,Puente Nacional,PUENTE NACIONAL,PUENTE NACIONAL,PUENTE NACIONAL
68,SANTANDER,68573,Puerto Parra,PUERTO PARRA,Puerto Parra,PUERTO PARRA,PUERTO PARRA,PUERTO PARRA
68,SANTANDER,68575,Puerto Wilches,PUERTO WILCHES,Puerto Wilches,PUERTO WILCHES,PUERTO WILCHES,PUERTO WILCHES
68,SANTANDER,68615,Rionegro,RIONEGRO,Rionegro,RIONEGRO,RIONEGRO,RIONEGRO
68,SANTANDER,68655,Sabana de Torres,SABANA DE TORRES,Sabana de Torres,SABANA DE TORRES,SABANA DE TORRES,SABANA DE TORRES
68,SANTANDER,68669,San Andrés,SAN ANDRÉS,San Andrés,SAN ANDRÃ‰S,SAN ANDRÃ‰S,SAN ANDRÃ‰S
68,SANTANDER,68673,San Benito,SAN BENITO,San Benito,SAN BENITO,SAN BENITO,SAN BENITO
68,SANTANDER,68679,San Gil,SAN GIL,San Gil,SAN GIL,SAN GIL,SAN GIL
68,SANTANDER,68682,San Joaquín,SAN JOAQUÍN,San Joaquín,SAN JOAQUÃN,SAN JOAQUÃN,SAN JOAQUÃN
68,SANTANDER,68684,San José de Miranda,SAN JOSÉ DE MIRANDA,San José de Miranda,SAN JOSÃ‰ DE MIRANDA,SAN JOSÃ‰ DE MIRANDA,SAN JOSÃ‰ DE MIRANDA
68,SANTANDER,68686,San Miguel,SAN MIGUEL,San Miguel,SAN MIGUEL,SAN MIGUEL,SAN MIGUEL
68,SANTANDER,68689,San Vicente de Chucurí,SAN VICENTE DE CHUCURÍ,San Vicente de Chucurí,SAN VICENTE DE CHUCURÃ,SAN VICENTE DE CHUCURÃ,SAN VICENTE DE CHUCURÃ
68,SANTANDER,68705,Santa Bárbara,SANTA BÁRBARA,Santa Bárbara,SANTA BÃRBARA,SANTA BÃRBARA,SANTA BÃRBARA
68,SANTANDER,68720,Santa Helena del Opón,SANTA HELENA DEL OPÓN,Santa Helena del Opón,SANTA HELENA DEL OPÃ“N,SANTA HELENA DEL OPÃ“N,SANTA HELENA DEL OPÃ“N
68,SANTANDER,68745,Simacota,SIMACOTA,Simacota,SIMACOTA,SIMACOTA,SIMACOTA
68,SANTANDER,68755,Socorro,SOCORRO,Socorro,SOCORRO,SOCORRO,SOCORRO
68,SANTANDER,68770,Suaita,SUAITA,Suaita,SUAITA,SUAITA,SUAITA
68,SANTANDER,68773,Sucre,SUCRE,Sucre,SUCRE,SUCRE,SUCRE
68,SANTANDER,68780,Suratá,SURATÁ,Suratá,SURATÃ,SURATÃ,SURATÃ
68,SANTANDER,68820,Tona,TONA,Tona,TONA,TONA,TONA
68,SANTANDER,68855,Valle de San José,VALLE DE SAN JOSÉ,Valle de San José,VALLE DE SAN JOSÃ‰,VALLE DE SAN JOSÃ‰,VALLE DE SAN JOSÃ‰
68,SANTANDER,68861,Vélez,VÉLEZ,Vélez,VÃ‰LEZ,VÃ‰LEZ,VÃ‰LEZ
68,SANTANDER,68867,Vetas,VETAS,Vetas,VETAS,VETAS,VETAS
68,SANTANDER,68872,Villanueva,VILLANUEVA,Villanueva,VILLANUEVA,VILLANUEVA,VILLANUEVA
68,SANTANDER,68895,Zapatoca,ZAPATOCA,Zapatoca,ZAPATOCA,ZAPATOCA,ZAPATOCA
70,SUCRE,70001,Sincelejo,SINCELEJO,Sincelejo,SINCELEJO,SINCELEJO,SINCELEJO
70,SUCRE,70110,Buenavista,BUENAVISTA,Buenavista,BUENAVISTA,BUENAVISTA,BUENAVISTA
70,SUCRE,70124,Caimito,CAIMITO,Caimito,CAIMITO,CAIMITO,CAIMITO
70,SUCRE,70204,Coloso,COLOSÓ,Coloso,COLOSO,COLOSO,COLOSO
70,SUCRE,70215,Corozal,COROZAL,Corozal,COROZAL,COROZAL,COROZAL
70,SUCRE,70221,Coveñas,COVEÑAS,Coveñas,COVEÃ‘AS,COVEÃ‘AS,COVEÃ‘AS
70,SUCRE,70230,Chalán,CHALÁN,Chalán,CHALÃN,CHALÃN,CHALÃN
70,SUCRE,70233,El Roble,EL ROBLE,El Roble,EL ROBLE,EL ROBLE,EL ROBLE
70,SUCRE,70235,Galeras,GALERAS,Galeras,GALERAS,GALERAS,GALERAS
70,SUCRE,70265,Guaranda,GUARANDA,Guaranda,GUARANDA,GUARANDA,GUARANDA
70,SUCRE,70400,La Unión,LA UNIÓN,La Unión,LA UNIÃ“N,LA UNIÃ“N,LA UNIÃ“N
70,SUCRE,70418,Los Palmitos,LOS PALMITOS,Los Palmitos,LOS PALMITOS,LOS PALMITOS,LOS PALMITOS
70,SUCRE,70429,Majagual,MAJAGUAL,Majagual,MAJAGUAL,MAJAGUAL,MAJAGUAL
70,SUCRE,70473,Morroa,MORROA,Morroa,MORROA,MORROA,MORROA
70,SUCRE,70508,Ovejas,OVEJAS,Ovejas,OVEJAS,OVEJAS,OVEJAS
70,SUCRE,70523,Palmito,PALMITO,Palmito,PALMITO,PALMITO,PALMITO
70,SUCRE,70670,Sampués,SAMPUÉS,Sampués,SAMPUÃ‰S,SAMPUÃ‰S,SAMPUÃ‰S
70,SUCRE,70678,San Benito Abad,SAN BENITO ABAD,San Benito Abad,SAN BENITO ABAD,SAN BENITO ABAD,SAN BENITO ABAD
70,SUCRE,70702,San Juan de Betulia,SAN JUAN DE BETULIA,San Juan de Betulia,SAN JUAN DE BETULIA,SAN JUAN DE BETULIA,SAN JUAN DE BETULIA
70,SUCRE,70708,San Marcos,SAN MARCOS,San Marcos,SAN MARCOS,SAN MARCOS,SAN MARCOS
70,SUCRE,70713,San Onofre,SAN ONOFRE,San Onofre,SAN ONOFRE,SAN ONOFRE,SAN ONOFRE
70,SUCRE,70717,San Pedro,SAN PEDRO,San Pedro,SAN PEDRO,SAN PEDRO,SAN PEDRO
70,SUCRE,70742,San Luis de Sincé,SAN LUIS DE SINCÉ,San Luis de Sincé,SINCÃ‰,SINCÃ‰,SINCÃ‰
70,SUCRE,70771,Sucre,SUCRE,Sucre,SUCRE,SUCRE,SUCRE
70,SUCRE,70820,Santiago de Tolú,SANTIAGO DE TOLÚ,Santiago de Tolú,SANTIAGO DE TOLÃš,SANTIAGO DE TOLÃš,SANTIAGO DE TOLÃš
70,SUCRE,70823,Tolú Viejo,SAN JOSÉ DE TOLUVIEJO,Tolú Viejo,TOLÃš VIEJO,TOLÃš VIEJO,TOLÃš VIEJO
73,TOLIMA,73001,Ibagué,IBAGUÉ,Ibagué,IBAGUÃ‰,IBAGUÃ‰,IBAGUÃ‰
73,TOLIMA,73024,Alpujarra,ALPUJARRA,Alpujarra,ALPUJARRA,ALPUJARRA,ALPUJARRA
73,TOLIMA,73026,Alvarado,ALVARADO,Alvarado,ALVARADO,ALVARADO,ALVARADO
73,TOLIMA,73030,Ambalema,AMBALEMA,Ambalema,AMBALEMA,AMBALEMA,AMBALEMA
73,TOLIMA,73043,Anzoátegui,ANZOÁTEGUI,Anzoátegui,ANZOÃTEGUI,ANZOÃTEGUI,ANZOÃTEGUI
73,TOLIMA,73055,Armero,ARMERO,Armero,ARMERO,ARMERO,ARMERO
73,TOLIMA,73067,Ataco,ATACO,Ataco,ATACO,ATACO,ATACO
73,TOLIMA,73124,Cajamarca,CAJAMARCA,Cajamarca,CAJAMARCA,CAJAMARCA,CAJAMARCA
73,TOLIMA,73148,Carmen de Apicalá,CARMEN DE APICALÁ,Carmen de Apicalá,CARMEN DE APICALÃ,CARMEN DE APICALÃ,CARMEN DE APICALÃ
73,TOLIMA,73152,Casabianca,CASABIANCA,Casabianca,CASABIANCA,CASABIANCA,CASABIANCA
73,TOLIMA,73168,Chaparral,CHAPARRAL,Chaparral,CHAPARRAL,CHAPARRAL,CHAPARRAL
73,TOLIMA,73200,Coello,COELLO,Coello,COELLO,COELLO,COELLO
73,TOLIMA,73217,Coyaima,COYAIMA,Coyaima,COYAIMA,COYAIMA,COYAIMA
73,TOLIMA,73226,Cunday,CUNDAY,Cunday,CUNDAY,CUNDAY,CUNDAY
73,TOLIMA,73236,Dolores,DOLORES,Dolores,DOLORES,DOLORES,DOLORES
73,TOLIMA,73268,Espinal,ESPINAL,Espinal,ESPINAL,ESPINAL,ESPINAL
73,TOLIMA,73270,Falan,FALAN,Falan,FALAN,FALAN,FALAN
73,TOLIMA,73275,Flandes,FLANDES,Flandes,FLANDES,FLANDES,FLANDES
73,TOLIMA,73283,Fresno,FRESNO,Fresno,FRESNO,FRESNO,FRESNO
73,TOLIMA,73319,Guamo,GUAMO,Guamo,GUAMO,GUAMO,GUAMO
73,TOLIMA,73347,Herveo,HERVEO,Herveo,HERVEO,HERVEO,HERVEO
73,TOLIMA,73349,Honda,HONDA,Honda,HONDA,HONDA,HONDA
73,TOLIMA,73352,Icononzo,ICONONZO,Icononzo,ICONONZO,ICONONZO,ICONONZO
73,TOLIMA,73408,Lérida,LÉRIDA,Lérida,LÃ‰RIDA,LÃ‰RIDA,LÃ‰RIDA
73,TOLIMA,73411,Líbano,LÍBANO,Líbano,LÃBANO,LÃBANO,LÃBANO
73,TOLIMA,73443,Mariquita,SAN SEBASTIÁN DE MARIQUITA,Mariquita,MARIQUITA,MARIQUITA,MARIQUITA
73,TOLIMA,73449,Melgar,MELGAR,Melgar,MELGAR,MELGAR,MELGAR
73,TOLIMA,73461,Murillo,MURILLO,Murillo,MURILLO,MURILLO,MURILLO
73,TOLIMA,73483,Natagaima,NATAGAIMA,Natagaima,NATAGAIMA,NATAGAIMA,NATAGAIMA
73,TOLIMA,73504,Ortega,ORTEGA,Ortega,ORTEGA,ORTEGA,ORTEGA
73,TOLIMA,73520,Palocabildo,PALOCABILDO,Palocabildo,PALOCABILDO,PALOCABILDO,PALOCABILDO
73,TOLIMA,73547,Piedras,PIEDRAS,Piedras,PIEDRAS,PIEDRAS,PIEDRAS
73,TOLIMA,73555,Planadas,PLANADAS,Planadas,PLANADAS,PLANADAS,PLANADAS
73,TOLIMA,73563,Prado,PRADO,Prado,PRADO,PRADO,PRADO
73,TOLIMA,73585,Purificación,PURIFICACIÓN,Purificación,PURIFICACIÃ“N,PURIFICACIÃ“N,PURIFICACIÃ“N
73,TOLIMA,73616,Rioblanco,RIOBLANCO,Rioblanco,RIOBLANCO,RIOBLANCO,RIOBLANCO
73,TOLIMA,73622,Roncesvalles,RONCESVALLES,Roncesvalles,RONCESVALLES,RONCESVALLES,RONCESVALLES
73,TOLIMA,73624,Rovira,ROVIRA,Rovira,ROVIRA,ROVIRA,ROVIRA
73,TOLIMA,73671,Saldaña,SALDAÑA,Saldaña,SALDAÃ‘A,SALDAÃ‘A,SALDAÃ‘A
73,TOLIMA,73675,San Antonio,SAN ANTONIO,San Antonio,SAN ANTONIO,SAN ANTONIO,SAN ANTONIO
73,TOLIMA,73678,San Luis,SAN LUIS,San Luis,SAN LUIS,SAN LUIS,SAN LUIS
73,TOLIMA,73686,Santa Isabel,SANTA ISABEL,Santa Isabel,SANTA ISABEL,SANTA ISABEL,SANTA ISABEL
73,TOLIMA,73770,Suárez,SUÁREZ,Suárez,SUÃREZ,SUÃREZ,SUÃREZ
73,TOLIMA,73854,Valle de San Juan,VALLE DE SAN JUAN,Valle de San Juan,VALLE DE SAN JUAN,VALLE DE SAN JUAN,VALLE DE SAN JUAN
73,TOLIMA,73861,Venadillo,VENADILLO,Venadillo,VENADILLO,VENADILLO,VENADILLO
73,TOLIMA,73870,Villahermosa,VILLAHERMOSA,Villahermosa,VILLAHERMOSA,VILLAHERMOSA,VILLAHERMOSA
73,TOLIMA,73873,Villarrica,VILLARRICA,Villarrica,VILLARRICA,VILLARRICA,VILLARRICA
76,VALLE DEL CAUCA,76001,Cali,SANTIAGO DE CALI,Cali,CALI,CALI,CALI
76,VALLE DEL CAUCA,76020,Alcalá,ALCALÁ,Alcalá,ALCALÃ,ALCALÃ,ALCALÃ
76,VALLE DEL CAUCA,76036,Andalucía,ANDALUCÍA,Andalucía,ANDALUCÃA,ANDALUCÃA,ANDALUCÃA
76,VALLE DEL CAUCA,76041,Ansermanuevo,ANSERMANUEVO,Ansermanuevo,ANSERMANUEVO,ANSERMANUEVO,ANSERMANUEVO
76,VALLE DEL CAUCA,76054,Argelia,ARGELIA,Argelia,ARGELIA,ARGELIA,ARGELIA
76,VALLE DEL CAUCA,76100,Bolívar,BOLÍVAR,Bolívar,BOLÃVAR,BOLÃVAR,BOLÃVAR
76,VALLE DEL CAUCA,76109,Buenaventura,BUENAVENTURA,Buenaventura,BUENAVENTURA,BUENAVENTURA,BUENAVENTURA
76,VALLE DEL CAUCA,76111,Guadalajara de Buga,GUADALAJARA DE BUGA,Guadalajara de Buga,GUADALAJARA DE BUGA,GUADALAJARA DE BUGA,GUADALAJARA DE BUGA
76,VALLE DEL CAUCA,76113,Bugalagrande,BUGALAGRANDE,Bugalagrande,BUGALAGRANDE,BUGALAGRANDE,BUGALAGRANDE
76,VALLE DEL CAUCA,76122,Caicedonia,CAICEDONIA,Caicedonia,CAICEDONIA,CAICEDONIA,CAICEDONIA
76,VALLE DEL CAUCA,76126,Calima,CALIMA,Calima,CALIMA,CALIMA,CALIMA
76,VALLE DEL CAUCA,76130,Candelaria,CANDELARIA,Candelaria,CANDELARIA,CANDELARIA,CANDELARIA
76,VALLE DEL CAUCA,76147,Cartago,CARTAGO,Cartago,CARTAGO,CARTAGO,CARTAGO
76,VALLE DEL CAUCA,76233,Dagua,DAGUA,Dagua,DAGUA,DAGUA,DAGUA
76,VALLE DEL CAUCA,76243,El Águila,EL ÁGUILA,El Águila,EL ÃGUILA,EL ÃGUILA,EL ÃGUILA
76,VALLE DEL CAUCA,76246,El Cairo,EL CAIRO,El Cairo,EL CAIRO,EL CAIRO,EL CAIRO
76,VALLE DEL CAUCA,76248,El Cerrito,EL CERRITO,El Cerrito,EL CERRITO,EL CERRITO,EL CERRITO
76,VALLE DEL CAUCA,76250,El Dovio,EL DOVIO,El Dovio,EL DOVIO,EL DOVIO,EL DOVIO
76,VALLE DEL CAUCA,76275,Florida,FLORIDA,Florida,FLORIDA,FLORIDA,FLORIDA
76,VALLE DEL CAUCA,76306,Ginebra,GINEBRA,Ginebra,GINEBRA,GINEBRA,GINEBRA
76,VALLE DEL CAUCA,76318,Guacarí,GUACARÍ,Guacarí,GUACARÃ,GUACARÃ,GUACARÃ
76,VALLE DEL CAUCA,76364,Jamundí,JAMUNDÍ,Jamundí,JAMUNDÃ,JAMUNDÃ,JAMUNDÃ
76,VALLE DEL CAUCA,76377,La Cumbre,LA CUMBRE,La Cumbre,LA CUMBRE,LA CUMBRE,LA CUMBRE
76,VALLE DEL CAUCA,76400,La Unión,LA UNIÓN,La Unión,LA UNIÃ“N,LA UNIÃ“N,LA UNIÃ“N
76,VALLE DEL CAUCA,76403,La Victoria,LA VICTORIA,La Victoria,LA VICTORIA,LA VICTORIA,LA VICTORIA
76,VALLE DEL CAUCA,76497,Obando,OBANDO,Obando,OBANDO,OBANDO,OBANDO
76,VALLE DEL CAUCA,76520,Palmira,PALMIRA,Palmira,PALMIRA,PALMIRA,PALMIRA
76,VALLE DEL CAUCA,76563,Pradera,PRADERA,Pradera,PRADERA,PRADERA,PRADERA
76,VALLE DEL CAUCA,76606,Restrepo,RESTREPO,Restrepo,RESTREPO,RESTREPO,RESTREPO
76,VALLE DEL CAUCA,76616,Riofrío,RIOFRÍO,Riofrío,RIOFRÃO,RIOFRÃO,RIOFRÃO
76,VALLE DEL CAUCA,76622,Roldanillo,ROLDANILLO,Roldanillo,ROLDANILLO,ROLDANILLO,ROLDANILLO
76,VALLE DEL CAUCA,76670,San Pedro,SAN PEDRO,San Pedro,SAN PEDRO,SAN PEDRO,SAN PEDRO
76,VALLE DEL CAUCA,76736,Sevilla,SEVILLA,Sevilla,SEVILLA,SEVILLA,SEVILLA
76,VALLE DEL CAUCA,76823,Toro,TORO,Toro,TORO,TORO,TORO
76,VALLE DEL CAUCA,76828,Trujillo,TRUJILLO,Trujillo,TRUJILLO,TRUJILLO,TRUJILLO
76,VALLE DEL CAUCA,76834,Tuluá,TULUÁ,Tuluá,TULUÃ,TULUÃ,TULUÃ
76,VALLE DEL CAUCA,76845,Ulloa,ULLOA,Ulloa,ULLOA,ULLOA,ULLOA
76,VALLE DEL CAUCA,76863,Versalles,VERSALLES,Versalles,VERSALLES,VERSALLES,VERSALLES
76,VALLE DEL CAUCA,76869,Vijes,VIJES,Vijes,VIJES,VIJES,VIJES
76,VALLE DEL CAUCA,76890,Yotoco,YOTOCO,Yotoco,YOTOCO,YOTOCO,YOTOCO
76,VALLE DEL CAUCA,76892,Yumbo,YUMBO,Yumbo,YUMBO,YUMBO,YUMBO
76,VALLE DEL CAUCA,76895,Zarzal,ZARZAL,Zarzal,ZARZAL,ZARZAL,ZARZAL
81,ARAUCA,81001,Arauca,ARAUCA,Arauca,ARAUCA,ARAUCA,ARAUCA
81,ARAUCA,81065,Arauquita,ARAUQUITA,Arauquita,ARAUQUITA,ARAUQUITA,ARAUQUITA
81,ARAUCA,81220,Cravo Norte,CRAVO NORTE,Cravo Norte,CRAVO NORTE,CRAVO NORTE,CRAVO NORTE
81,ARAUCA,81300,Fortul,FORTUL,Fortul,FORTUL,FORTUL,FORTUL
81,ARAUCA,81591,Puerto Rondón,PUERTO RONDÓN,Puerto Rondón,PUERTO RONDÃ“N,PUERTO RONDÃ“N,PUERTO RONDÃ“N
81,ARAUCA,81736,Saravena,SARAVENA,Saravena,SARAVENA,SARAVENA,SARAVENA
81,ARAUCA,81794,Tame,TAME,Tame,TAME,TAME,TAME
85,CASANARE,85001,Yopal,YOPAL,Yopal,YOPAL,YOPAL,YOPAL
85,CASANARE,85010,Aguazul,AGUAZUL,Aguazul,AGUAZUL,AGUAZUL,AGUAZUL
85,CASANARE,85015,Chámeza,CHÁMEZA,Chámeza,CHAMEZA,CHAMEZA,CHAMEZA
85,CASANARE,85125,Hato Corozal,HATO COROZAL,Hato Corozal,HATO COROZAL,HATO COROZAL,HATO COROZAL
85,CASANARE,85136,La Salina,LA SALINA,La Salina,LA SALINA,LA SALINA,LA SALINA
85,CASANARE,85139,Maní,MANÍ,Maní,MANÃ,MANÃ,MANÃ
85,CASANARE,85162,Monterrey,MONTERREY,Monterrey,MONTERREY,MONTERREY,MONTERREY
85,CASANARE,85225,Nunchía,NUNCHÍA,Nunchía,NUNCHÃA,NUNCHÃA,NUNCHÃA
85,CASANARE,85230,Orocué,OROCUÉ,Orocué,OROCUÃ‰,OROCUÃ‰,OROCUÃ‰
85,CASANARE,85250,Paz de Ariporo,PAZ DE ARIPORO,Paz de Ariporo,PAZ DE ARIPORO,PAZ DE ARIPORO,PAZ DE ARIPORO
85,CASANARE,85263,Pore,PORE,Pore,PORE,PORE,PORE
85,CASANARE,85279,Recetor,RECETOR,Recetor,RECETOR,RECETOR,RECETOR
85,CASANARE,85300,Sabanalarga,SABANALARGA,Sabanalarga,SABANALARGA,SABANALARGA,SABANALARGA
85,CASANARE,85315,Sácama,SÁCAMA,Sácama,SÃCAMA,SÃCAMA,SÃCAMA
85,CASANARE,85325,San Luis de Palenque,SAN LUIS DE PALENQUE,San Luis de Palenque,SAN LUIS DE PALENQUE,SAN LUIS DE PALENQUE,SAN LUIS DE PALENQUE
85,CASANARE,85400,Támara,TÁMARA,Támara,TÃMARA,TÃMARA,TÃMARA
85,CASANARE,85410,Tauramena,TAURAMENA,Tauramena,TAURAMENA,TAURAMENA,TAURAMENA
85,CASANARE,85430,Trinidad,TRINIDAD,Trinidad,TRINIDAD,TRINIDAD,TRINIDAD
85,CASANARE,85440,Villanueva,VILLANUEVA,Villanueva,VILLANUEVA,VILLANUEVA,VILLANUEVA
86,PUTUMAYO,86001,Mocoa,MOCOA,Mocoa,MOCOA,MOCOA,MOCOA
86,PUTUMAYO,86219,Colón,COLÓN,Colón,COLÃ“N,COLÃ“N,COLÃ“N
86,PUTUMAYO,86320,Orito,ORITO,Orito,ORITO,ORITO,ORITO
86,PUTUMAYO,86568,Puerto Asís,PUERTO ASÍS,Puerto Asís,PUERTO ASÃS,PUERTO ASÃS,PUERTO ASÃS
86,PUTUMAYO,86569,Puerto Caicedo,PUERTO CAICEDO,Puerto Caicedo,PUERTO CAICEDO,PUERTO CAICEDO,PUERTO CAICEDO
86,PUTUMAYO,86571,Puerto Guzmán,PUERTO GUZMÁN,Puerto Guzmán,PUERTO GUZMÃN,PUERTO GUZMÃN,PUERTO GUZMÃN
86,PUTUMAYO,86573,Puerto Leguízamo,PUERTO LEGUÍZAMO,Puerto Leguízamo,LEGUÃZAMO,LEGUÃZAMO,LEGUÃZAMO
86,PUTUMAYO,86749,Sibundoy,SIBUNDOY,Sibundoy,SIBUNDOY,SIBUNDOY,SIBUNDOY
86,PUTUMAYO,86755,San Francisco,SAN FRANCISCO,San Francisco,SAN FRANCISCO,SAN FRANCISCO,SAN FRANCISCO
86,PUTUMAYO,86757,San Miguel,SAN MIGUEL,San Miguel,SAN MIGUEL,SAN MIGUEL,SAN MIGUEL
86,PUTUMAYO,86760,Santiago,SANTIAGO,Santiago,SANTIAGO,SANTIAGO,SANTIAGO
86,PUTUMAYO,86865,Valle del Guamuez,VALLE DEL GUAMUEZ,Valle del Guamuez,VALLE DEL GUAMUEZ,VALLE DEL GUAMUEZ,VALLE DEL GUAMUEZ
86,PUTUMAYO,86885,Villagarzón,VILLAGARZÓN,Villagarzón,VILLAGARZÃ“N,VILLAGARZÃ“N,VILLAGARZÃ“N
88,"ARCHIPIÉLAGO DE SAN ANDRÉS, PROVIDENCIA Y SANTA CATALINA",88001,San Andrés,SAN ANDRÉS,San Andrés,SAN ANDRÃ‰S,SAN ANDRÃ‰S,SAN ANDRÃ‰S
88,"ARCHIPIÉLAGO DE SAN ANDRÉS, PROVIDENCIA Y SANTA CATALINA",88564,Providencia,PROVIDENCIA,Providencia,PROVIDENCIA,PROVIDENCIA,PROVIDENCIA
91,AMAZONAS,91001,Leticia,LETICIA,Leticia,LETICIA,LETICIA,LETICIA
91,AMAZONAS,91263,El Encanto,EL ENCANTO,El Encanto (ANM),EL ENCANTO,EL ENCANTO,EL ENCANTO
91,AMAZONAS,91405,La Chorrera,LA CHORRERA,La Chorrera (ANM),LA CHORRERA,LA CHORRERA,LA CHORRERA
91,AMAZONAS,91407,La Pedrera,LA PEDRERA,La Pedrera (ANM),LA PEDRERA,LA PEDRERA,LA PEDRERA
91,AMAZONAS,91430,La Victoria,LA VICTORIA,La Victoria (ANM),LA VICTORIA,LA VICTORIA,LA VICTORIA
91,AMAZONAS,91460,Miriti - Paraná,MIRITÍ - PARANÁ,Miriti - Paraná (ANM),MIRITI - PARANÃ,MIRITI - PARANÃ,MIRITI - PARANÃ
91,AMAZONAS,91530,Puerto Alegría,PUERTO ALEGRÍA,Puerto Alegría (ANM),PUERTO ALEGRÃA,PUERTO ALEGRÃA,PUERTO ALEGRÃA
91,AMAZONAS,91536,Puerto Arica,PUERTO ARICA,Puerto Arica (ANM),PUERTO ARICA,PUERTO ARICA,PUERTO ARICA
91,AMAZONAS,91540,Puerto Nariño,PUERTO NARIÑO,Puerto Nariño,PUERTO NARIÃ‘O,PUERTO NARIÃ‘O,PUERTO NARIÃ‘O
91,AMAZONAS,91669,Puerto Santander,PUERTO SANTANDER,Puerto Santander (ANM),PUERTO SANTANDER,PUERTO SANTANDER,PUERTO SANTANDER
91,AMAZONAS,91798,Tarapacá,TARAPACÁ,Tarapacá (ANM),TARAPACÃ,TARAPACÃ,TARAPACÃ
94,GUAINÍA,94001,Inírida,INÍRIDA,Inírida,INÃRIDA,INÃRIDA,INÃRIDA
94,GUAINÍA,94343,Barrancominas,BARRANCOMINAS,Barrancominas*,BARRANCO MINAS,BARRANCO MINAS,BARRANCO MINAS
94,GUAINÍA,94883,San Felipe,SAN FELIPE,San Felipe (ANM),SAN FELIPE,SAN FELIPE,SAN FELIPE
94,GUAINÍA,94884,Puerto Colombia,PUERTO COLOMBIA,Puerto Colombia (ANM),PUERTO COLOMBIA,PUERTO COLOMBIA,PUERTO COLOMBIA
94,GUAINÍA,94885,La Guadalupe,LA GUADALUPE,La Guadalupe (ANM),LA GUADALUPE,LA GUADALUPE,LA GUADALUPE
94,GUAINÍA,94886,Cacahual,CACAHUAL,Cacahual (ANM),CACAHUAL,CACAHUAL,CACAHUAL
94,GUAINÍA,94887,Pana Pana,PANA PANA,Pana Pana (ANM),PANA PANA,PANA PANA,PANA PANA
94,GUAINÍA,94888,Morichal,MORICHAL,Morichal (ANM),MORICHAL,MORICHAL,MORICHAL
95,GUAVIARE,95001,San José del Guaviare,SAN JOSÉ DEL GUAVIARE,San José del Guaviare,SAN JOSÃ‰ DEL GUAVIARE,SAN JOSÃ‰ DEL GUAVIARE,SAN JOSÃ‰ DEL GUAVIARE
95,GUAVIARE,95015,Calamar,CALAMAR,Calamar,CALAMAR,CALAMAR,CALAMAR
95,GUAVIARE,95025,El Retorno,EL RETORNO,El Retorno,EL RETORNO,EL RETORNO,EL RETORNO
95,GUAVIARE,95200,Miraflores,MIRAFLORES,Miraflores,MIRAFLORES,MIRAFLORES,MIRAFLORES
97,VAUPÉS,97001,Mitú,MITÚ,Mitú,MITÃš,MITÃš,MITÃš
97,VAUPÉS,97161,Carurú,CARURÚ,Carurú,CARURU,CARURU,CARURU
97,VAUPÉS,97511,Pacoa,PACOA,Pacoa (ANM),PACOA,PACOA,PACOA
97,VAUPÉS,97666,Taraira,TARAIRA,Taraira,TARAIRA,TARAIRA,TARAIRA
97,VAUPÉS,97777,Papunahua,PAPUNAHUA,Papunahua (ANM),PAPUNAUA,PAPUNAUA,PAPUNAUA
97,VAUPÉS,97889,Yavaraté,YAVARATÉ,Yavaraté (ANM),YAVARATÃ‰,YAVARATÃ‰,YAVARATÃ‰
99,VICHADA,99001,Puerto Carreño,PUERTO CARREÑO,Puerto Carreño,PUERTO CARREÃ‘O,PUERTO CARREÃ‘O,PUERTO CARREÃ‘O
99,VICHADA,99524,La Primavera,LA PRIMAVERA,La Primavera,LA PRIMAVERA,LA PRIMAVERA,LA PRIMAVERA
99,VICHADA,99624,Santa Rosalía,SANTA ROSALÍA,Santa Rosalía,SANTA ROSALÃA,SANTA ROSALÃA,SANTA ROSALÃA
99,VICHADA,99773,Cumaribo,CUMARIBO,Cumaribo,CUMARIBO,CUMARIBO,CUMARIBO
