Codigo,DPNOM,MPIO,Municipio_y,Municipio_Departamento,IPS_2022,IPS/Habitantes
94,Guainía,94885,La Guadalupe,La Guadalupe (Guainía),0.0,0.0
94,Guainía,94886,Cacahual,Cacahual (Guainía),0.0,0.0
94,Guainía,94888,Morichal,Morichal (Guainía),0.0,0.0
94,Guainía,94884,Puerto Colombia,Puerto Colombia (Guainía),0.0,0.0
94,Guainía,94887,Pana Pana,Pana Pana (Guainía),0.0,0.0
19,Cauca,19780,Suárez,Suárez (Cauca),1.0,3.0
5,Antioquia,5790,Tarazá,Tarazá (Antioquia),1.0,3.0
5,Antioquia,5847,Urrao,Urrao (Antioquia),1.0,3.0
73,Tolima,73275,Flandes,Flandes (Tolima),1.0,3.0
63,Quindio,63594,Quimbaya,Quimbaya (Quindío),1.0,3.0
25,Cundinamarca,25200,Cogua,Cogua (Cundinamarca),1.0,4.0
41,Huila,41770,Suaza,Suaza (Huila),1.0,4.0
66,Risaralda,66088,Belén de Umbría,Belén de Umbría (Risaralda),1.0,4.0
41,Huila,41807,Timaná,Timaná (Huila),1.0,4.0
5,Antioquia,5209,Concordia,Concordia (Antioquia),1.0,4.0
5,Antioquia,5674,San Vicente,San Vicente (Antioquia),1.0,4.0
5,Antioquia,5895,Zaragoza,Zaragoza (Antioquia),1.0,4.0
73,Tolima,73624,Rovira,Rovira (Tolima),1.0,4.0
5,Antioquia,5679,Santa Bárbara,Santa Bárbara (Antioquia),1.0,4.0
19,Cauca,19845,Villa Rica,Villa Rica (Cauca),1.0,5.0
23,Córdoba,23419,Los Córdobas,Los Córdobas (Córdoba),1.0,5.0
76,Valle del Cauca,76828,Trujillo,Trujillo (Valle del cauca),1.0,5.0
99,Vichada,99773,Cumaribo,Cumaribo (Vichada),4.0,5.0
54,Norte de Santander,54172,Chinácota,Chinácota (Norte de Santander),1.0,5.0
5,Antioquia,5659,San Juan de Urabá,San Juan de Urabá (Antioquia),1.0,5.0
5,Antioquia,5197,Cocorná,Cocorná (Antioquia),1.0,6.0
5,Antioquia,5138,Cañasgordas,Cañasgordas (Antioquia),1.0,6.0
15,Boyacá,15047,Aquitania,Aquitania (Boyacá),1.0,6.0
41,Huila,41016,Aipe,Aipe (Huila),1.0,6.0
25,Cundinamarca,25815,Tocaima,Tocaima (Cundinamarca),1.0,6.0
13,Bolívar,13222,Clemencia,Clemencia (Bolívar),1.0,6.0
17,Caldas,17444,Marquetalia,Marquetalia (Caldas),1.0,7.0
15,Boyacá,15806,Tibasosa,Tibasosa (Boyacá),1.0,7.0
19,Cauca,19050,Argelia,Argelia (Cauca),2.0,7.0
50,Meta,50590,Puerto Rico,Puerto Rico (Meta),1.0,7.0
73,Tolima,73055,Armero,Armero (Tolima),1.0,7.0
41,Huila,41359,Isnos,Isnos (Huila),2.0,7.0
41,Huila,41548,Pital,Pital (Huila),1.0,7.0
5,Antioquia,5480,Mutatá,Mutatá (Antioquia),1.0,7.0
19,Cauca,19473,Morales,Morales (Cauca),3.0,7.0
5,Antioquia,5031,Amalfi,Amalfi (Antioquia),2.0,7.0
5,Antioquia,5495,Nechí,Nechí (Antioquia),2.0,7.0
15,Boyacá,15632,Saboyá,Saboyá (Boyacá),1.0,7.0
5,Antioquia,5604,Remedios,Remedios (Antioquia),2.0,7.0
5,Antioquia,5120,Cáceres,Cáceres (Antioquia),2.0,7.0
54,Norte de Santander,54670,San Calixto,San Calixto (Norte de Santander),1.0,7.0
5,Antioquia,5854,Valdivia,Valdivia (Antioquia),1.0,7.0
15,Boyacá,15693,Santa Rosa de Viterbo,Santa Rosa de Viterbo (Boyacá),1.0,7.0
25,Cundinamarca,25878,Viotá,Viotá (Cundinamarca),1.0,7.0
25,Cundinamarca,25612,Ricaurte,Ricaurte (Cundinamarca),1.0,7.0
25,Cundinamarca,25745,Simijaca,Simijaca (Cundinamarca),1.0,7.0
63,Quindio,63190,Circasia,Circasia (Quindío),2.0,7.0
76,Valle del Cauca,76020,Alcalá,Alcalá (Valle del cauca),1.0,7.0
76,Valle del Cauca,76823,Toro,Toro (Valle del cauca),1.0,7.0
25,Cundinamarca,25279,Fómeque,Fómeque (Cundinamarca),1.0,7.0
25,Cundinamarca,25486,Nemocón,Nemocón (Cundinamarca),1.0,7.0
13,Bolívar,13300,Hatillo de Loba,Hatillo de Loba (Bolívar),1.0,8.0
66,Risaralda,66687,Santuario,Santuario (Risaralda),1.0,8.0
25,Cundinamarca,25718,Sasaima,Sasaima (Cundinamarca),1.0,8.0
25,Cundinamarca,25053,Arbeláez,Arbeláez (Cundinamarca),1.0,8.0
68,Santander,68229,Curití,Curití (Santander),1.0,8.0
86,Putumayo,86571,Puerto Guzmán,Puerto Guzmán (Putumayo),3.0,8.0
5,Antioquia,5038,Angostura,Angostura (Antioquia),1.0,8.0
52,Nariño,52473,Mosquera,Mosquera (Nariño),1.0,8.0
66,Risaralda,66318,Guática,Guática (Risaralda),1.0,8.0
13,Bolívar,13030,Altos del Rosario,Altos del Rosario (Bolívar),1.0,8.0
25,Cundinamarca,25260,El Rosal,El Rosal (Cundinamarca),2.0,8.0
76,Valle del Cauca,76306,Ginebra,Ginebra (Valle del cauca),2.0,8.0
50,Meta,50330,Mesetas,Mesetas (Meta),1.0,8.0
23,Córdoba,23672,San Antero,San Antero (Córdoba),3.0,8.0
25,Cundinamarca,25658,San Francisco,San Francisco (Cundinamarca),1.0,8.0
73,Tolima,73352,Icononzo,Icononzo (Tolima),1.0,8.0
5,Antioquia,5858,Vegachí,Vegachí (Antioquia),1.0,8.0
50,Meta,50680,San Carlos de Guaroa,San Carlos de Guaroa (Meta),1.0,8.0
50,Meta,50400,Lejanías,Lejanías (Meta),1.0,8.0
41,Huila,41503,Oporapa,Oporapa (Huila),1.0,8.0
41,Huila,41020,Algeciras,Algeciras (Huila),2.0,8.0
54,Norte de Santander,54174,Chitagá,Chitagá (Norte de Santander),1.0,8.0
13,Bolívar,13490,,Norosí (Bolívar),1.0,9.0
5,Antioquia,5670,San Roque,San Roque (Antioquia),2.0,9.0
5,Antioquia,5541,Peñol,Peñol (Antioquia),2.0,9.0
91,Amazonas,91540,Puerto Nariño,Puerto Nariño (Amazonas),1.0,9.0
25,Cundinamarca,25099,Bojacá,Bojacá (Cundinamarca),1.0,9.0
25,Cundinamarca,25407,Lenguazaque,Lenguazaque (Cundinamarca),1.0,9.0
54,Norte de Santander,54344,Hacarí,Hacarí (Norte de Santander),1.0,9.0
50,Meta,50577,Puerto Lleras,Puerto Lleras (Meta),1.0,9.0
5,Antioquia,5148,El Carmen de Viboral,El Carmen de Viboral (Antioquia),6.0,9.0
73,Tolima,73148,Carmen de Apicalá,Carmen de Apicalá (Tolima),1.0,9.0
94,Guainía,94343,Barrancominas,Barrancominas (Guainía),1.0,9.0
15,Boyacá,15223,Cubará,Cubará (Boyacá),1.0,9.0
13,Bolívar,13440,Margarita,Margarita (Bolívar),1.0,9.0
5,Antioquia,5809,Titiribí,Titiribí (Antioquia),1.0,9.0
41,Huila,41660,Saladoblanco,Saladoblanco (Huila),1.0,9.0
41,Huila,41676,Santa María,Santa María (Huila),1.0,9.0
17,Caldas,17050,Aranzazu,Aranzazu (Caldas),1.0,9.0
17,Caldas,17088,Belalcázar,Belalcázar (Caldas),1.0,9.0
18,Caquetá,18094,Belén de Los Andaquíes,Belén de Los Andaquíes (Caquetá),1.0,9.0
17,Caldas,17616,Risaralda,Risaralda (Caldas),1.0,9.0
86,Putumayo,86573,Puerto Leguízamo,Puerto Leguízamo (Putumayo),3.0,9.0
5,Antioquia,5091,Betania,Betania (Antioquia),1.0,9.0
68,Santander,68464,Mogotes,Mogotes (Santander),1.0,9.0
17,Caldas,17013,Aguadas,Aguadas (Caldas),2.0,9.0
17,Caldas,17486,Neira,Neira (Caldas),2.0,9.0
41,Huila,41668,San Agustín,San Agustín (Huila),3.0,9.0
66,Risaralda,66682,Santa Rosa de Cabal,Santa Rosa de Cabal (Risaralda),7.0,9.0
73,Tolima,73520,Palocabildo,Palocabildo (Tolima),1.0,10.0
73,Tolima,73870,Villahermosa,Villahermosa (Tolima),1.0,10.0
25,Cundinamarca,25873,Villapinzón,Villapinzón (Cundinamarca),2.0,10.0
73,Tolima,73043,Anzoátegui,Anzoátegui (Tolima),1.0,10.0
19,Cauca,19517,Páez,Páez (Cauca),5.0,10.0
17,Caldas,17867,Victoria,Victoria (Caldas),1.0,10.0
25,Cundinamarca,25295,Gachancipá,Gachancipá (Cundinamarca),2.0,10.0
19,Cauca,19142,Caloto,Caloto (Cauca),3.0,10.0
23,Córdoba,23678,San Carlos,San Carlos (Córdoba),3.0,10.0
25,Cundinamarca,25151,Cáqueza,Cáqueza (Cundinamarca),2.0,10.0
5,Antioquia,5411,Liborina,Liborina (Antioquia),1.0,10.0
85,Casanare,85225,Nunchía,Nunchía (Casanare),1.0,10.0
25,Cundinamarca,25535,Pasca,Pasca (Cundinamarca),1.0,10.0
5,Antioquia,5237,Donmatías,Donmatías (Antioquia),2.0,10.0
25,Cundinamarca,25394,La Palma,La Palma (Cundinamarca),1.0,10.0
19,Cauca,19785,Sucre,Sucre (Cauca),1.0,10.0
5,Antioquia,5113,Buriticá,Buriticá (Antioquia),1.0,10.0
5,Antioquia,5134,Campamento,Campamento (Antioquia),1.0,10.0
13,Bolívar,13744,Simití,Simití (Bolívar),2.0,10.0
52,Nariño,52405,Leiva,Leiva (Nariño),1.0,10.0
17,Caldas,17873,Villamaría,Villamaría (Caldas),7.0,10.0
73,Tolima,73124,Cajamarca,Cajamarca (Tolima),2.0,10.0
73,Tolima,73067,Ataco,Ataco (Tolima),2.0,10.0
54,Norte de Santander,54261,El Zulia,El Zulia (Norte de Santander),3.0,10.0
5,Antioquia,5893,Yondó,Yondó (Antioquia),2.0,10.0
5,Antioquia,5040,Anorí,Anorí (Antioquia),2.0,10.0
19,Cauca,19513,Padilla,Padilla (Cauca),1.0,10.0
54,Norte de Santander,54405,Los Patios,Los Patios (Norte de Santander),11.0,11.0
50,Meta,50350,La Macarena,La Macarena (Meta),3.0,11.0
5,Antioquia,5576,Pueblorrico,Pueblorrico (Antioquia),1.0,11.0
5,Antioquia,5308,Girardota,Girardota (Antioquia),6.0,11.0
25,Cundinamarca,25438,Medina,Medina (Cundinamarca),1.0,11.0
25,Cundinamarca,25793,Tausa,Tausa (Cundinamarca),1.0,11.0
25,Cundinamarca,25297,Gachetá,Gachetá (Cundinamarca),1.0,11.0
25,Cundinamarca,25649,San Bernardo,San Bernardo (Cundinamarca),1.0,11.0
25,Cundinamarca,25322,Guasca,Guasca (Cundinamarca),2.0,11.0
25,Cundinamarca,25754,Soacha,Soacha (Cundinamarca),82.0,11.0
17,Caldas,17442,Marmato,Marmato (Caldas),1.0,11.0
17,Caldas,17433,Manzanares,Manzanares (Caldas),2.0,11.0
68,Santander,68669,San Andrés,San Andrés (Santander),1.0,11.0
5,Antioquia,5125,Caicedo,Caicedo (Antioquia),1.0,11.0
5,Antioquia,5321,Guatapé,Guatapé (Antioquia),1.0,11.0
50,Meta,50450,Puerto Concordia,Puerto Concordia (Meta),1.0,11.0
5,Antioquia,5628,Sabanalarga,Sabanalarga (Antioquia),1.0,11.0
5,Antioquia,5642,Salgar,Salgar (Antioquia),2.0,11.0
5,Antioquia,5361,Ituango,Ituango (Antioquia),3.0,11.0
54,Norte de Santander,54223,Cucutilla,Cucutilla (Norte de Santander),1.0,11.0
63,Quindio,63470,Montenegro,Montenegro (Quindío),4.0,11.0
18,Caquetá,18256,El Paujíl,El Paujíl (Caquetá),2.0,11.0
19,Cauca,19364,Jambaló,Jambaló (Cauca),2.0,11.0
73,Tolima,73408,Lérida,Lérida (Tolima),2.0,11.0
19,Cauca,19821,Toribío,Toribío (Cauca),4.0,11.0
73,Tolima,73555,Planadas,Planadas (Tolima),3.0,11.0
15,Boyacá,15837,Tuta,Tuta (Boyacá),1.0,11.0
15,Boyacá,15480,Muzo,Muzo (Boyacá),1.0,11.0
15,Boyacá,15814,Toca,Toca (Boyacá),1.0,11.0
19,Cauca,19130,Cajibío,Cajibío (Cauca),5.0,11.0
13,Bolívar,13248,El Guamo,El Guamo (Bolívar),1.0,11.0
66,Risaralda,66594,Quinchía,Quinchía (Risaralda),3.0,11.0
13,Bolívar,13838,Turbaná,Turbaná (Bolívar),2.0,11.0
15,Boyacá,15804,Tibaná,Tibaná (Boyacá),1.0,11.0
73,Tolima,73563,Prado,Prado (Tolima),1.0,11.0
41,Huila,41078,Baraya,Baraya (Huila),1.0,11.0
73,Tolima,73026,Alvarado,Alvarado (Tolima),1.0,11.0
41,Huila,41791,Tarqui,Tarqui (Huila),2.0,11.0
76,Valle del Cauca,76243,El Águila,El Águila (Valle del cauca),1.0,11.0
27,Chocó,27495,Nuquí,Nuquí (Chocó),2.0,11.0
41,Huila,41006,Acevedo,Acevedo (Huila),3.0,11.0
76,Valle del Cauca,76250,El Dovio,El Dovio (Valle del cauca),1.0,11.0
41,Huila,41524,Palermo,Palermo (Huila),3.0,11.0
76,Valle del Cauca,76670,San Pedro,San Pedro (Valle del cauca),2.0,11.0
41,Huila,41013,Agrado,Agrado (Huila),1.0,11.0
76,Valle del Cauca,76041,Ansermanuevo,Ansermanuevo (Valle del cauca),2.0,11.0
41,Huila,41801,Teruel,Teruel (Huila),1.0,12.0
5,Antioquia,5390,La Pintada,La Pintada (Antioquia),1.0,12.0
5,Antioquia,5543,Peque,Peque (Antioquia),1.0,12.0
70,Sucre,70124,Caimito,Caimito (Sucre),2.0,12.0
23,Córdoba,23574,Puerto Escondido,Puerto Escondido (Córdoba),3.0,12.0
73,Tolima,73504,Ortega,Ortega (Tolima),4.0,12.0
5,Antioquia,5789,Támesis,Támesis (Antioquia),2.0,12.0
5,Antioquia,5656,San Jerónimo,San Jerónimo (Antioquia),2.0,12.0
5,Antioquia,5425,Maceo,Maceo (Antioquia),1.0,12.0
23,Córdoba,23090,Canalete,Canalete (Córdoba),2.0,12.0
95,Guaviare,95025,El Retorno,El Retorno (Guaviare),2.0,12.0
13,Bolívar,13268,El Peñón,El Peñón (Bolívar),1.0,12.0
13,Bolívar,13473,Morales,Morales (Bolívar),3.0,12.0
41,Huila,41885,Yaguará,Yaguará (Huila),1.0,12.0
5,Antioquia,5093,Betulia,Betulia (Antioquia),2.0,12.0
5,Antioquia,5234,Dabeiba,Dabeiba (Antioquia),3.0,12.0
41,Huila,41306,Gigante,Gigante (Huila),3.0,12.0
68,Santander,68051,Aratoca,Aratoca (Santander),1.0,12.0
25,Cundinamarca,25154,Carmen de Carupa,Carmen de Carupa (Cundinamarca),1.0,12.0
73,Tolima,73236,Dolores,Dolores (Tolima),1.0,12.0
18,Caquetá,18150,Cartagena del Chairá,Cartagena del Chairá (Caquetá),4.0,12.0
15,Boyacá,15491,Nobsa,Nobsa (Boyacá),2.0,12.0
5,Antioquia,5282,Fredonia,Fredonia (Antioquia),3.0,12.0
54,Norte de Santander,54313,Gramalote,Gramalote (Norte de Santander),1.0,12.0
25,Cundinamarca,25224,Cucunubá,Cucunubá (Cundinamarca),1.0,12.0
25,Cundinamarca,25312,Granada,Granada (Cundinamarca),1.0,12.0
76,Valle del Cauca,76377,La Cumbre,La Cumbre (Valle del cauca),2.0,12.0
73,Tolima,73200,Coello,Coello (Tolima),1.0,12.0
19,Cauca,19137,Caldono,Caldono (Cauca),5.0,12.0
15,Boyacá,15507,Otanche,Otanche (Boyacá),1.0,12.0
15,Boyacá,15600,Ráquira,Ráquira (Boyacá),1.0,12.0
15,Boyacá,15757,Socha,Socha (Boyacá),1.0,12.0
15,Boyacá,15183,Chita,Chita (Boyacá),1.0,12.0
27,Chocó,27077,Bajo Baudó,Bajo Baudó (Chocó),4.0,12.0
66,Risaralda,66440,Marsella,Marsella (Risaralda),2.0,12.0
68,Santander,68872,Villanueva,Villanueva (Santander),1.0,12.0
50,Meta,50251,El Castillo,El Castillo (Meta),1.0,12.0
5,Antioquia,5665,San Pedro de Urabá,San Pedro de Urabá (Antioquia),4.0,12.0
25,Cundinamarca,25785,Tabio,Tabio (Cundinamarca),3.0,12.0
5,Antioquia,5055,Argelia,Argelia (Antioquia),1.0,13.0
5,Antioquia,5885,Yalí,Yalí (Antioquia),1.0,13.0
52,Nariño,52210,Contadero,Contadero (Nariño),1.0,13.0
13,Bolívar,13580,Regidor,Regidor (Bolívar),1.0,13.0
5,Antioquia,5647,San Andrés de Cuerquía,San Andrés de Cuerquía (Antioquia),1.0,13.0
52,Nariño,52254,El Peñol,El Peñol (Nariño),1.0,13.0
17,Caldas,17777,Supía,Supía (Caldas),4.0,13.0
8,Atlántico,8520,Palmar de Varela,Palmar de Varela (Atlántico),4.0,13.0
52,Nariño,52352,Iles,Iles (Nariño),1.0,13.0
19,Cauca,19743,Silvia,Silvia (Cauca),5.0,13.0
19,Cauca,19355,Inzá,Inzá (Cauca),4.0,13.0
20,Cesar,20032,Astrea,Astrea (Cesar),3.0,13.0
20,Cesar,20621,La Paz,La Paz (Cesar),4.0,13.0
76,Valle del Cauca,76863,Versalles,Versalles (Valle del cauca),1.0,13.0
52,Nariño,52022,Aldana,Aldana (Nariño),1.0,13.0
5,Antioquia,5761,Sopetrán,Sopetrán (Antioquia),2.0,13.0
52,Nariño,52287,Funes,Funes (Nariño),1.0,13.0
25,Cundinamarca,25841,Ubaque,Ubaque (Cundinamarca),1.0,13.0
25,Cundinamarca,25845,Une,Une (Cundinamarca),1.0,13.0
18,Caquetá,18410,La Montañita,La Montañita (Caquetá),2.0,13.0
63,Quindio,63302,Génova,Génova (Quindío),1.0,13.0
54,Norte de Santander,54874,Villa del Rosario,Villa del Rosario (Norte de Santander),15.0,13.0
73,Tolima,73347,Herveo,Herveo (Tolima),1.0,13.0
73,Tolima,73270,Falan,Falan (Tolima),1.0,13.0
54,Norte de Santander,54347,Herrán,Herrán (Norte de Santander),1.0,13.0
5,Antioquia,5212,Copacabana,Copacabana (Antioquia),11.0,13.0
5,Antioquia,5380,La Estrella,La Estrella (Antioquia),10.0,13.0
5,Antioquia,5079,Barbosa,Barbosa (Antioquia),7.0,13.0
15,Boyacá,15686,Santana,Santana (Boyacá),1.0,13.0
15,Boyacá,15087,Belén,Belén (Boyacá),1.0,13.0
68,Santander,68573,Puerto Parra,Puerto Parra (Santander),1.0,13.0
15,Boyacá,15367,Jenesano,Jenesano (Boyacá),1.0,13.0
15,Boyacá,15755,Socotá,Socotá (Boyacá),1.0,13.0
95,Guaviare,95200,Miraflores,Miraflores (Guaviare),1.0,13.0
41,Huila,41872,Villavieja,Villavieja (Huila),1.0,13.0
41,Huila,41349,Hobo,Hobo (Huila),1.0,13.0
5,Antioquia,5585,Puerto Nare,Puerto Nare (Antioquia),2.0,13.0
5,Antioquia,5890,Yolombó,Yolombó (Antioquia),3.0,13.0
25,Cundinamarca,25317,Guachetá,Guachetá (Cundinamarca),2.0,13.0
5,Antioquia,5364,Jardín,Jardín (Antioquia),2.0,13.0
73,Tolima,73283,Fresno,Fresno (Tolima),4.0,13.0
73,Tolima,73217,Coyaima,Coyaima (Tolima),3.0,13.0
73,Tolima,73483,Natagaima,Natagaima (Tolima),2.0,13.0
15,Boyacá,15531,Pauna,Pauna (Boyacá),1.0,13.0
41,Huila,41206,Colombia,Colombia (Huila),1.0,13.0
66,Risaralda,66383,La Celia,La Celia (Risaralda),1.0,13.0
23,Córdoba,23815,,Tuchín (Córdoba),8.0,14.0
23,Córdoba,23682,,San José de Uré (Córdoba),2.0,14.0
13,Bolívar,13670,San Pablo,San Pablo (Bolívar),4.0,14.0
25,Cundinamarca,25779,Susa,Susa (Cundinamarca),1.0,14.0
63,Quindio,63401,La Tebaida,La Tebaida (Quindío),5.0,14.0
76,Valle del Cauca,76246,El Cairo,El Cairo (Valle del cauca),1.0,14.0
27,Chocó,27800,Unguía,Unguía (Chocó),2.0,14.0
27,Chocó,27150,Carmen del Darién,Carmen del Darién (Chocó),3.0,14.0
18,Caquetá,18860,Valparaíso,Valparaíso (Caquetá),1.0,14.0
25,Cundinamarca,25019,Albán,Albán (Cundinamarca),1.0,14.0
54,Norte de Santander,54245,El Carmen,El Carmen (Norte de Santander),2.0,14.0
54,Norte de Santander,54743,Silos,Silos (Norte de Santander),1.0,14.0
73,Tolima,73671,Saldaña,Saldaña (Tolima),2.0,14.0
73,Tolima,73319,Guamo,Guamo (Tolima),5.0,14.0
41,Huila,41518,Paicol,Paicol (Huila),1.0,14.0
5,Antioquia,5368,Jericó,Jericó (Antioquia),2.0,14.0
27,Chocó,27372,Juradó,Juradó (Chocó),1.0,14.0
52,Nariño,52694,San Pedro de Cartago,San Pedro de Cartago (Nariño),1.0,14.0
52,Nariño,52506,Ospina,Ospina (Nariño),1.0,14.0
5,Antioquia,5044,Anzá,Anzá (Antioquia),1.0,14.0
5,Antioquia,5842,Uramita,Uramita (Antioquia),1.0,14.0
5,Antioquia,5467,Montebello,Montebello (Antioquia),1.0,14.0
17,Caldas,17662,Samaná,Samaná (Caldas),3.0,14.0
19,Cauca,19760,Sotará Paispamba,Sotará Paispamba (Cauca),2.0,14.0
25,Cundinamarca,25473,Mosquera,Mosquera (Cundinamarca),20.0,14.0
76,Valle del Cauca,76736,Sevilla,Sevilla (Valle del cauca),6.0,14.0
25,Cundinamarca,25335,Guayabetal,Guayabetal (Cundinamarca),1.0,14.0
54,Norte de Santander,54377,Labateca,Labateca (Norte de Santander),1.0,14.0
15,Boyacá,15681,San Pablo de Borbur,San Pablo de Borbur (Boyacá),1.0,14.0
15,Boyacá,15542,Pesca,Pesca (Boyacá),1.0,14.0
15,Boyacá,15272,Firavitoba,Firavitoba (Boyacá),1.0,14.0
15,Boyacá,15740,Siachoque,Siachoque (Boyacá),1.0,14.0
68,Santander,68307,Girón,Girón (Santander),25.0,14.0
18,Caquetá,18610,San José del Fragua,San José del Fragua (Caquetá),2.0,15.0
68,Santander,68377,La Belleza,La Belleza (Santander),1.0,15.0
23,Córdoba,23300,Cotorra,Cotorra (Córdoba),3.0,15.0
5,Antioquia,5856,Valparaíso,Valparaíso (Antioquia),1.0,15.0
86,Putumayo,86757,San Miguel,San Miguel (Putumayo),3.0,15.0
17,Caldas,17877,Viterbo,Viterbo (Caldas),2.0,15.0
68,Santander,68615,Rionegro,Rionegro (Santander),4.0,15.0
25,Cundinamarca,25377,La Calera,La Calera (Cundinamarca),5.0,15.0
66,Risaralda,66075,Balboa,Balboa (Risaralda),1.0,15.0
5,Antioquia,5660,San Luis,San Luis (Antioquia),2.0,15.0
25,Cundinamarca,25772,Suesca,Suesca (Cundinamarca),3.0,15.0
25,Cundinamarca,25402,La Vega,La Vega (Cundinamarca),3.0,15.0
25,Cundinamarca,25885,Yacopí,Yacopí (Cundinamarca),2.0,15.0
25,Cundinamarca,25001,Agua de Dios,Agua de Dios (Cundinamarca),2.0,15.0
68,Santander,68655,Sabana de Torres,Sabana de Torres (Santander),5.0,15.0
5,Antioquia,5101,Ciudad Bolívar,Ciudad Bolívar (Antioquia),4.0,15.0
5,Antioquia,5736,Segovia,Segovia (Antioquia),6.0,15.0
25,Cundinamarca,25736,Sesquilé,Sesquilé (Cundinamarca),2.0,15.0
52,Nariño,52385,La Llanada,La Llanada (Nariño),1.0,15.0
41,Huila,41483,Nátaga,Nátaga (Huila),1.0,15.0
19,Cauca,19455,Miranda,Miranda (Cauca),5.0,15.0
15,Boyacá,15776,Sutamarchán,Sutamarchán (Boyacá),1.0,15.0
73,Tolima,73678,San Luis,San Luis (Tolima),2.0,15.0
73,Tolima,73861,Venadillo,Venadillo (Tolima),2.0,15.0
76,Valle del Cauca,76869,Vijes,Vijes (Valle del cauca),2.0,15.0
15,Boyacá,15204,Cómbita,Cómbita (Boyacá),2.0,15.0
18,Caquetá,18753,San Vicente del Caguán,San Vicente del Caguán (Caquetá),8.0,15.0
27,Chocó,27050,Atrato,Atrato (Chocó),1.0,15.0
50,Meta,50606,Restrepo,Restrepo (Meta),3.0,15.0
54,Norte de Santander,54385,La Esperanza,La Esperanza (Norte de Santander),2.0,15.0
47,Magdalena,47570,Puebloviejo,Puebloviejo (Magdalena),5.0,15.0
54,Norte de Santander,54599,Ragonvalia,Ragonvalia (Norte de Santander),1.0,15.0
73,Tolima,73030,Ambalema,Ambalema (Tolima),1.0,15.0
85,Casanare,85230,Orocué,Orocué (Casanare),2.0,15.0
5,Antioquia,5129,Caldas,Caldas (Antioquia),13.0,15.0
8,Atlántico,8849,Usiacurí,Usiacurí (Atlántico),2.0,15.0
25,Cundinamarca,25426,Machetá,Machetá (Cundinamarca),1.0,15.0
25,Cundinamarca,25781,Sutatausa,Sutatausa (Cundinamarca),1.0,15.0
13,Bolívar,13650,San Fernando,San Fernando (Bolívar),2.0,15.0
25,Cundinamarca,25491,Nocaima,Nocaima (Cundinamarca),1.0,15.0
5,Antioquia,5088,Bello,Bello (Antioquia),91.0,16.0
66,Risaralda,66170,Dosquebradas,Dosquebradas (Risaralda),37.0,16.0
17,Caldas,17388,La Merced,La Merced (Caldas),1.0,16.0
54,Norte de Santander,54520,Pamplonita,Pamplonita (Norte de Santander),1.0,16.0
41,Huila,41319,Guadalupe,Guadalupe (Huila),3.0,16.0
54,Norte de Santander,54128,Cáchira,Cáchira (Norte de Santander),2.0,16.0
23,Córdoba,23580,Puerto Libertador,Puerto Libertador (Córdoba),7.0,16.0
25,Cundinamarca,25740,Sibaté,Sibaté (Cundinamarca),6.0,16.0
27,Chocó,27425,Medio Atrato,Medio Atrato (Chocó),2.0,16.0
25,Cundinamarca,25799,Tenjo,Tenjo (Cundinamarca),4.0,16.0
25,Cundinamarca,25743,Silvania,Silvania (Cundinamarca),4.0,16.0
19,Cauca,19807,Timbío,Timbío (Cauca),6.0,16.0
50,Meta,50711,Vistahermosa,Vistahermosa (Meta),3.0,16.0
68,Santander,68318,Guaca,Guaca (Santander),1.0,16.0
5,Antioquia,5440,Marinilla,Marinilla (Antioquia),11.0,16.0
5,Antioquia,5250,El Bagre,El Bagre (Antioquia),9.0,16.0
68,Santander,68855,Valle de San José,Valle de San José (Santander),1.0,16.0
5,Antioquia,5240,Ebéjico,Ebéjico (Antioquia),2.0,16.0
5,Antioquia,5792,Tarso,Tarso (Antioquia),1.0,16.0
5,Antioquia,5086,Belmira,Belmira (Antioquia),1.0,16.0
5,Antioquia,5690,Santo Domingo,Santo Domingo (Antioquia),2.0,16.0
25,Cundinamarca,25372,Junín,Junín (Cundinamarca),1.0,16.0
27,Chocó,27615,Riosucio,Riosucio (Chocó),10.0,16.0
19,Cauca,19585,Puracé,Puracé (Cauca),3.0,16.0
76,Valle del Cauca,76126,Calima,Calima (Valle del cauca),3.0,16.0
5,Antioquia,5030,Amagá,Amagá (Antioquia),5.0,16.0
5,Antioquia,5756,Sonsón,Sonsón (Antioquia),6.0,16.0
17,Caldas,17042,Anserma,Anserma (Caldas),6.0,16.0
5,Antioquia,5686,Santa Rosa de Osos,Santa Rosa de Osos (Antioquia),6.0,16.0
76,Valle del Cauca,76497,Obando,Obando (Valle del cauca),2.0,16.0
23,Córdoba,23168,Chimá,Chimá (Córdoba),3.0,16.0
18,Caquetá,18785,Solita,Solita (Caquetá),1.0,16.0
68,Santander,68498,Ocamonte,Ocamonte (Santander),1.0,16.0
25,Cundinamarca,25181,Choachí,Choachí (Cundinamarca),2.0,16.0
15,Boyacá,15835,Turmequé,Turmequé (Boyacá),1.0,16.0
25,Cundinamarca,25488,Nilo,Nilo (Cundinamarca),2.0,16.0
15,Boyacá,15764,Soracá,Soracá (Boyacá),1.0,16.0
15,Boyacá,15051,Arcabuco,Arcabuco (Boyacá),1.0,16.0
15,Boyacá,15790,Tasco,Tasco (Boyacá),1.0,16.0
15,Boyacá,15185,Chitaraque,Chitaraque (Boyacá),1.0,16.0
19,Cauca,19450,Mercaderes,Mercaderes (Cauca),4.0,16.0
44,La Guajira,44560,Manaure,Manaure (La Guajira),15.0,16.0
19,Cauca,19397,La Vega,La Vega (Cauca),4.0,16.0
44,La Guajira,44855,Urumita,Urumita (La Guajira),2.0,16.0
85,Casanare,85263,Pore,Pore (Casanare),2.0,16.0
66,Risaralda,66045,Apía,Apía (Risaralda),2.0,16.0
5,Antioquia,5306,Giraldo,Giraldo (Antioquia),1.0,17.0
13,Bolívar,13458,Montecristo,Montecristo (Bolívar),3.0,17.0
76,Valle del Cauca,76845,Ulloa,Ulloa (Valle del cauca),1.0,17.0
73,Tolima,73585,Purificación,Purificación (Tolima),4.0,17.0
68,Santander,68190,Cimitarra,Cimitarra (Santander),6.0,17.0
8,Atlántico,8758,Soledad,Soledad (Atlántico),113.0,17.0
73,Tolima,73686,Santa Isabel,Santa Isabel (Tolima),1.0,17.0
18,Caquetá,18756,Solano,Solano (Caquetá),2.0,17.0
25,Cundinamarca,25777,Supatá,Supatá (Cundinamarca),1.0,17.0
15,Boyacá,15638,Sáchica,Sáchica (Boyacá),1.0,17.0
68,Santander,68271,Florián,Florián (Santander),1.0,17.0
68,Santander,68207,Concepción,Concepción (Santander),1.0,17.0
5,Antioquia,5318,Guarne,Guarne (Antioquia),10.0,17.0
5,Antioquia,5353,Hispania,Hispania (Antioquia),1.0,17.0
8,Atlántico,8675,Santa Lucía,Santa Lucía (Atlántico),3.0,17.0
54,Norte de Santander,54250,El Tarra,El Tarra (Norte de Santander),4.0,17.0
5,Antioquia,5652,San Francisco,San Francisco (Antioquia),1.0,17.0
5,Antioquia,5036,Angelópolis,Angelópolis (Antioquia),1.0,17.0
68,Santander,68689,San Vicente de Chucurí,San Vicente de Chucurí (Santander),6.0,17.0
52,Nariño,52565,Providencia,Providencia (Nariño),1.0,17.0
15,Boyacá,15476,Motavita,Motavita (Boyacá),1.0,17.0
15,Boyacá,15667,San Luis de Gaceno,San Luis de Gaceno (Boyacá),1.0,17.0
63,Quindio,63212,Córdoba,Córdoba (Quindío),1.0,17.0
63,Quindio,63130,Calarcá,Calarcá (Quindío),13.0,17.0
5,Antioquia,5861,Venecia,Venecia (Antioquia),2.0,17.0
68,Santander,68101,Bolívar,Bolívar (Santander),2.0,17.0
17,Caldas,17272,Filadelfia,Filadelfia (Caldas),2.0,17.0
68,Santander,68549,Pinchote,Pinchote (Santander),1.0,18.0
25,Cundinamarca,25123,Cachipay,Cachipay (Cundinamarca),2.0,18.0
25,Cundinamarca,25797,Tena,Tena (Cundinamarca),2.0,18.0
8,Atlántico,8296,Galapa,Galapa (Atlántico),12.0,18.0
5,Antioquia,5347,Heliconia,Heliconia (Antioquia),1.0,18.0
68,Santander,68147,Capitanejo,Capitanejo (Santander),1.0,18.0
20,Cesar,20443,Manaure Balcón del Cesar,Manaure Balcón del Cesar (Cesar),2.0,18.0
99,Vichada,99001,Puerto Carreño,Puerto Carreño (Vichada),4.0,18.0
76,Valle del Cauca,76054,Argelia,Argelia (Valle del cauca),1.0,18.0
5,Antioquia,5887,Yarumal,Yarumal (Antioquia),8.0,18.0
41,Huila,41797,Tesalia,Tesalia (Huila),2.0,18.0
54,Norte de Santander,54810,Tibú,Tibú (Norte de Santander),11.0,18.0
25,Cundinamarca,25430,Madrid,Madrid (Cundinamarca),23.0,18.0
25,Cundinamarca,25524,Pandi,Pandi (Cundinamarca),1.0,18.0
73,Tolima,73854,Valle de San Juan,Valle de San Juan (Tolima),1.0,18.0
19,Cauca,19256,El Tambo,El Tambo (Cauca),10.0,18.0
66,Risaralda,66572,Pueblo Rico,Pueblo Rico (Risaralda),3.0,18.0
19,Cauca,19392,La Sierra,La Sierra (Cauca),2.0,18.0
68,Santander,68406,Lebrija,Lebrija (Santander),8.0,18.0
13,Bolívar,13655,San Jacinto del Cauca,San Jacinto del Cauca (Bolívar),2.0,18.0
15,Boyacá,15861,Ventaquemada,Ventaquemada (Boyacá),3.0,18.0
54,Norte de Santander,54871,Villa Caro,Villa Caro (Norte de Santander),1.0,18.0
95,Guaviare,95015,Calamar,Calamar (Guaviare),2.0,18.0
19,Cauca,19075,Balboa,Balboa (Cauca),4.0,18.0
15,Boyacá,15822,Tota,Tota (Boyacá),1.0,18.0
73,Tolima,73622,Roncesvalles,Roncesvalles (Tolima),1.0,18.0
5,Antioquia,5313,Granada,Granada (Antioquia),2.0,19.0
68,Santander,68327,Güepsa,Güepsa (Santander),1.0,19.0
15,Boyacá,15097,Boavita,Boavita (Boyacá),1.0,19.0
15,Boyacá,15425,Macanal,Macanal (Boyacá),1.0,19.0
15,Boyacá,15104,Boyacá,Boyacá (Boyacá),1.0,19.0
15,Boyacá,15664,San José de Pare,San José de Pare (Boyacá),1.0,19.0
47,Magdalena,47268,El Retén,El Retén (Magdalena),4.0,19.0
68,Santander,68250,El Peñón,El Peñón (Santander),1.0,19.0
19,Cauca,19824,Totoró,Totoró (Cauca),5.0,19.0
5,Antioquia,5483,Nariño,Nariño (Antioquia),2.0,19.0
54,Norte de Santander,54206,Convención,Convención (Norte de Santander),4.0,19.0
25,Cundinamarca,25258,El Peñón,El Peñón (Cundinamarca),1.0,19.0
73,Tolima,73411,Líbano,Líbano (Tolima),7.0,19.0
73,Tolima,73873,Villarrica,Villarrica (Tolima),1.0,19.0
25,Cundinamarca,25120,Cabrera,Cabrera (Cundinamarca),1.0,19.0
68,Santander,68179,Chipatá,Chipatá (Santander),1.0,19.0
68,Santander,68444,Matanza,Matanza (Santander),1.0,19.0
68,Santander,68397,La Paz,La Paz (Santander),1.0,19.0
5,Antioquia,5002,Abejorral,Abejorral (Antioquia),4.0,19.0
25,Cundinamarca,25653,San Cayetano,San Cayetano (Cundinamarca),1.0,19.0
15,Boyacá,15599,Ramiriquí,Ramiriquí (Boyacá),2.0,19.0
5,Antioquia,5697,El Santuario,El Santuario (Antioquia),7.0,19.0
41,Huila,41615,Rivera,Rivera (Huila),5.0,19.0
63,Quindio,63548,Pijao,Pijao (Quindío),1.0,19.0
15,Boyacá,15494,Nuevo Colón,Nuevo Colón (Boyacá),1.0,19.0
19,Cauca,19212,Corinto,Corinto (Cauca),5.0,19.0
5,Antioquia,5059,Armenia,Armenia (Antioquia),1.0,19.0
19,Cauca,19290,Florencia,Florencia (Cauca),1.0,19.0
8,Atlántico,8436,Manatí,Manatí (Atlántico),4.0,19.0
25,Cundinamarca,25040,Anolaima,Anolaima (Cundinamarca),3.0,19.0
99,Vichada,99524,La Primavera,La Primavera (Vichada),2.0,19.0
25,Cundinamarca,25178,Chipaque,Chipaque (Cundinamarca),2.0,19.0
68,Santander,68385,Landázuri,Landázuri (Santander),2.0,19.0
23,Córdoba,23068,Ayapel,Ayapel (Córdoba),9.0,19.0
23,Córdoba,23500,Moñitos,Moñitos (Córdoba),6.0,19.0
85,Casanare,85410,Tauramena,Tauramena (Casanare),5.0,19.0
17,Caldas,17524,Palestina,Palestina (Caldas),3.0,19.0
17,Caldas,17513,Pácora,Pácora (Caldas),3.0,19.0
17,Caldas,17614,Riosucio,Riosucio (Caldas),10.0,19.0
68,Santander,68770,Suaita,Suaita (Santander),2.0,19.0
68,Santander,68572,Puente Nacional,Puente Nacional (Santander),3.0,20.0
27,Chocó,27491,Nóvita,Nóvita (Chocó),2.0,20.0
50,Meta,50370,Uribe,Uribe (Meta),2.0,20.0
68,Santander,68418,Los Santos,Los Santos (Santander),3.0,20.0
15,Boyacá,15296,Gámeza,Gámeza (Boyacá),1.0,20.0
50,Meta,50318,Guamal,Guamal (Meta),3.0,20.0
54,Norte de Santander,54003,Ábrego,Ábrego (Norte de Santander),7.0,20.0
76,Valle del Cauca,76563,Pradera,Pradera (Valle del cauca),10.0,20.0
68,Santander,68575,Puerto Wilches,Puerto Wilches (Santander),7.0,20.0
27,Chocó,27006,Acandí,Acandí (Chocó),3.0,20.0
15,Boyacá,15232,Chíquiza,Chíquiza (Boyacá),1.0,20.0
76,Valle del Cauca,76400,La Unión,La Unión (Valle del cauca),7.0,20.0
17,Caldas,17665,San José,San José (Caldas),1.0,20.0
54,Norte de Santander,54239,Durania,Durania (Norte de Santander),1.0,20.0
23,Córdoba,23675,San Bernardo del Viento,San Bernardo del Viento (Córdoba),8.0,20.0
41,Huila,41357,Íquira,Íquira (Huila),2.0,20.0
17,Caldas,17653,Salamina,Salamina (Caldas),4.0,20.0
25,Cundinamarca,25867,Vianí,Vianí (Cundinamarca),1.0,20.0
27,Chocó,27250,El Litoral del San Juan,El Litoral del San Juan (Chocó),5.0,20.0
18,Caquetá,18460,Milán,Milán (Caquetá),2.0,20.0
5,Antioquia,5310,Gómez Plata,Gómez Plata (Antioquia),2.0,20.0
5,Antioquia,5190,Cisneros,Cisneros (Antioquia),2.0,20.0
13,Bolívar,13654,San Jacinto,San Jacinto (Bolívar),5.0,20.0
73,Tolima,73443,Mariquita,Mariquita (Tolima),8.0,20.0
19,Cauca,19110,Buenos Aires,Buenos Aires (Cauca),7.0,20.0
5,Antioquia,5206,Concepción,Concepción (Antioquia),1.0,20.0
18,Caquetá,18247,El Doncello,El Doncello (Caquetá),4.0,20.0
25,Cundinamarca,25328,Guayabal de Síquima,Guayabal de Síquima (Cundinamarca),1.0,20.0
44,La Guajira,44847,Uribia,Uribia (La Guajira),38.0,20.0
25,Cundinamarca,25506,Venecia,Venecia (Cundinamarca),1.0,21.0
15,Boyacá,15464,Mongua,Mongua (Boyacá),1.0,21.0
54,Norte de Santander,54480,Mutiscua,Mutiscua (Norte de Santander),1.0,21.0
15,Boyacá,15897,Zetaquira,Zetaquira (Boyacá),1.0,21.0
25,Cundinamarca,25530,Paratebueno,Paratebueno (Cundinamarca),2.0,21.0
20,Cesar,20550,Pelaya,Pelaya (Cesar),5.0,21.0
52,Nariño,52207,Consacá,Consacá (Nariño),3.0,21.0
70,Sucre,70418,Los Palmitos,Los Palmitos (Sucre),5.0,21.0
54,Norte de Santander,54553,Puerto Santander,Puerto Santander (Norte de Santander),2.0,21.0
25,Cundinamarca,25183,Chocontá,Chocontá (Cundinamarca),5.0,21.0
25,Cundinamarca,25293,Gachalá,Gachalá (Cundinamarca),1.0,21.0
52,Nariño,52418,Los Andes,Los Andes (Nariño),2.0,21.0
15,Boyacá,15646,Samacá,Samacá (Boyacá),4.0,21.0
13,Bolívar,13810,Tiquisio,Tiquisio (Bolívar),4.0,21.0
52,Nariño,52224,Cuaspud Carlosama,Cuaspud Carlosama (Nariño),2.0,21.0
73,Tolima,73024,Alpujarra,Alpujarra (Tolima),1.0,21.0
25,Cundinamarca,25214,Cota,Cota (Cundinamarca),8.0,21.0
63,Quindio,63690,Salento,Salento (Quindío),2.0,21.0
50,Meta,50683,San Juan de Arama,San Juan de Arama (Meta),2.0,21.0
47,Magdalena,47170,Chibolo,Chibolo (Magdalena),5.0,21.0
19,Cauca,19022,Almaguer,Almaguer (Cauca),4.0,21.0
19,Cauca,19533,Piamonte,Piamonte (Cauca),2.0,21.0
18,Caquetá,18029,Albania,Albania (Caquetá),1.0,21.0
15,Boyacá,15189,Ciénega,Ciénega (Boyacá),1.0,21.0
76,Valle del Cauca,76364,Jamundí,Jamundí (Valle del cauca),37.0,21.0
54,Norte de Santander,54720,Sardinata,Sardinata (Norte de Santander),6.0,21.0
5,Antioquia,5145,Caramanta,Caramanta (Antioquia),1.0,21.0
41,Huila,41132,Campoalegre,Campoalegre (Huila),7.0,21.0
5,Antioquia,5021,Alejandría,Alejandría (Antioquia),1.0,21.0
20,Cesar,20383,La Gloria,La Gloria (Cesar),4.0,21.0
68,Santander,68533,Páramo,Páramo (Santander),1.0,21.0
68,Santander,68320,Guadalupe,Guadalupe (Santander),1.0,21.0
5,Antioquia,5142,Caracolí,Caracolí (Antioquia),1.0,21.0
25,Cundinamarca,25148,Caparrapí,Caparrapí (Cundinamarca),3.0,22.0
41,Huila,41378,La Argentina,La Argentina (Huila),3.0,22.0
18,Caquetá,18592,Puerto Rico,Puerto Rico (Caquetá),6.0,22.0
25,Cundinamarca,25269,Facatativá,Facatativá (Cundinamarca),35.0,22.0
13,Bolívar,13780,Talaigua Nuevo,Talaigua Nuevo (Bolívar),3.0,22.0
13,Bolívar,13683,Santa Rosa,Santa Rosa (Bolívar),5.0,22.0
41,Huila,41026,Altamira,Altamira (Huila),1.0,22.0
54,Norte de Santander,54099,Bochalema,Bochalema (Norte de Santander),2.0,22.0
25,Cundinamarca,25513,Pacho,Pacho (Cundinamarca),6.0,22.0
27,Chocó,27245,El Carmen de Atrato,El Carmen de Atrato (Chocó),2.0,22.0
25,Cundinamarca,25899,Zipaquirá,Zipaquirá (Cundinamarca),33.0,22.0
5,Antioquia,5042,Santafé de Antioquia,Santafé de Antioquia (Antioquia),6.0,22.0
76,Valle del Cauca,76233,Dagua,Dagua (Valle del cauca),11.0,22.0
54,Norte de Santander,54800,Teorama,Teorama (Norte de Santander),4.0,22.0
52,Nariño,52585,Pupiales,Pupiales (Nariño),4.0,22.0
70,Sucre,70771,Sucre,Sucre (Sucre),7.0,22.0
5,Antioquia,5051,Arboletes,Arboletes (Antioquia),7.0,22.0
25,Cundinamarca,25168,Chaguaní,Chaguaní (Cundinamarca),1.0,22.0
5,Antioquia,5360,Itagüí,Itagüí (Antioquia),66.0,22.0
15,Boyacá,15455,Miraflores,Miraflores (Boyacá),2.0,22.0
25,Cundinamarca,25823,Topaipí,Topaipí (Cundinamarca),1.0,22.0
25,Cundinamarca,25599,Apulo,Apulo (Cundinamarca),2.0,22.0
73,Tolima,73168,Chaparral,Chaparral (Tolima),12.0,22.0
15,Boyacá,15109,Buenavista,Buenavista (Boyacá),1.0,22.0
52,Nariño,52480,Nariño,Nariño (Nariño),1.0,22.0
5,Antioquia,5376,La Ceja,La Ceja (Antioquia),15.0,22.0
41,Huila,41244,Elías,Elías (Huila),1.0,22.0
15,Boyacá,15816,Togüí,Togüí (Boyacá),1.0,22.0
73,Tolima,73675,San Antonio,San Antonio (Tolima),3.0,22.0
85,Casanare,85125,Hato Corozal,Hato Corozal (Casanare),3.0,22.0
50,Meta,50287,Fuente de Oro,Fuente de Oro (Meta),3.0,23.0
13,Bolívar,13549,Pinillos,Pinillos (Bolívar),6.0,23.0
85,Casanare,85139,Maní,Maní (Casanare),4.0,23.0
25,Cundinamarca,25320,Guaduas,Guaduas (Cundinamarca),8.0,23.0
15,Boyacá,15407,Villa de Leyva,Villa de Leyva (Boyacá),4.0,23.0
85,Casanare,85325,San Luis de Palenque,San Luis de Palenque (Casanare),2.0,23.0
15,Boyacá,15763,Sotaquirá,Sotaquirá (Boyacá),2.0,23.0
68,Santander,68324,Guavatá,Guavatá (Santander),1.0,23.0
68,Santander,68684,San José de Miranda,San José de Miranda (Santander),1.0,23.0
81,Arauca,81220,Cravo Norte,Cravo Norte (Arauca),1.0,23.0
68,Santander,68152,Carcasí,Carcasí (Santander),1.0,23.0
73,Tolima,73461,Murillo,Murillo (Tolima),1.0,23.0
23,Córdoba,23807,Tierralta,Tierralta (Córdoba),23.0,23.0
47,Magdalena,47460,Nueva Granada,Nueva Granada (Magdalena),5.0,23.0
15,Boyacá,15466,Monguí,Monguí (Boyacá),1.0,23.0
15,Boyacá,15332,Güicán de La Sierra,Güicán de La Sierra (Boyacá),1.0,23.0
5,Antioquia,5172,Chigorodó,Chigorodó (Antioquia),14.0,23.0
13,Bolívar,13873,Villanueva,Villanueva (Bolívar),6.0,23.0
54,Norte de Santander,54418,Lourdes,Lourdes (Norte de Santander),1.0,23.0
15,Boyacá,15537,Paz de Río,Paz de Río (Boyacá),1.0,23.0
86,Putumayo,86885,Villagarzón,Villagarzón (Putumayo),6.0,23.0
15,Boyacá,15778,Sutatenza,Sutatenza (Boyacá),1.0,23.0
20,Cesar,20570,Pueblo Bello,Pueblo Bello (Cesar),7.0,23.0
13,Bolívar,13062,Arroyohondo,Arroyohondo (Bolívar),2.0,23.0
68,Santander,68298,Gámbita,Gámbita (Santander),1.0,24.0
86,Putumayo,86569,Puerto Caicedo,Puerto Caicedo (Putumayo),4.0,24.0
13,Bolívar,13052,Arjona,Arjona (Bolívar),18.0,24.0
50,Meta,50270,El Dorado,El Dorado (Meta),1.0,24.0
68,Santander,68502,Onzaga,Onzaga (Santander),1.0,24.0
47,Magdalena,47258,El Piñón,El Piñón (Magdalena),6.0,24.0
91,Amazonas,91798,Tarapacá,Tarapacá (Amazonas),1.0,24.0
5,Antioquia,5150,Carolina,Carolina (Antioquia),1.0,24.0
76,Valle del Cauca,76606,Restrepo,Restrepo (Valle del cauca),4.0,24.0
5,Antioquia,5034,Andes,Andes (Antioquia),11.0,24.0
27,Chocó,27430,Medio Baudó,Medio Baudó (Chocó),4.0,24.0
47,Magdalena,47058,Ariguaní,Ariguaní (Magdalena),8.0,24.0
68,Santander,68020,Albania,Albania (Santander),1.0,24.0
47,Magdalena,47318,Guamal,Guamal (Magdalena),7.0,24.0
25,Cundinamarca,25758,Sopó,Sopó (Cundinamarca),7.0,24.0
5,Antioquia,5649,San Carlos,San Carlos (Antioquia),4.0,24.0
91,Amazonas,91407,La Pedrera,La Pedrera (Amazonas),1.0,24.0
68,Santander,68167,Charalá,Charalá (Santander),3.0,24.0
63,Quindio,63272,Filandia,Filandia (Quindío),3.0,24.0
25,Cundinamarca,25436,Manta,Manta (Cundinamarca),1.0,24.0
20,Cesar,20295,Gamarra,Gamarra (Cesar),4.0,24.0
20,Cesar,20517,Pailitas,Pailitas (Cesar),5.0,24.0
76,Valle del Cauca,76403,La Victoria,La Victoria (Valle del cauca),3.0,24.0
44,La Guajira,44110,El Molino,El Molino (La Guajira),2.0,24.0
15,Boyacá,15180,Chiscas,Chiscas (Boyacá),1.0,24.0
68,Santander,68468,Molagavita,Molagavita (Santander),1.0,24.0
23,Córdoba,23189,Ciénaga de Oro,Ciénaga de Oro (Córdoba),15.0,24.0
18,Caquetá,18205,Curillo,Curillo (Caquetá),2.0,25.0
25,Cundinamarca,25489,Nimaima,Nimaima (Cundinamarca),1.0,25.0
25,Cundinamarca,25286,Funza,Funza (Cundinamarca),27.0,25.0
85,Casanare,85300,Sabanalarga,Sabanalarga (Casanare),1.0,25.0
76,Valle del Cauca,76616,Riofrío,Riofrío (Valle del cauca),4.0,25.0
19,Cauca,19300,,Guachené (Cauca),5.0,25.0
15,Boyacá,15798,Tenza,Tenza (Boyacá),1.0,25.0
19,Cauca,19622,Rosas,Rosas (Cauca),3.0,25.0
13,Bolívar,13667,San Martín de Loba,San Martín de Loba (Bolívar),4.0,25.0
47,Magdalena,47053,Aracataca,Aracataca (Magdalena),11.0,25.0
20,Cesar,20045,Becerril,Becerril (Cesar),6.0,25.0
17,Caldas,17174,Chinchiná,Chinchiná (Caldas),13.0,25.0
15,Boyacá,15842,Úmbita,Úmbita (Boyacá),2.0,25.0
5,Antioquia,5264,Entrerríos,Entrerríos (Antioquia),3.0,25.0
15,Boyacá,15224,Cucaita,Cucaita (Boyacá),1.0,25.0
15,Boyacá,15368,Jericó,Jericó (Boyacá),1.0,25.0
54,Norte de Santander,54673,San Cayetano,San Cayetano (Norte de Santander),2.0,25.0
13,Bolívar,13140,Calamar,Calamar (Bolívar),6.0,25.0
13,Bolívar,13074,Barranco de Loba,Barranco de Loba (Bolívar),4.0,25.0
13,Bolívar,13647,San Estanislao,San Estanislao (Bolívar),5.0,25.0
19,Cauca,19573,Puerto Tejada,Puerto Tejada (Cauca),11.0,25.0
8,Atlántico,8433,Malambo,Malambo (Atlántico),36.0,25.0
41,Huila,41298,Garzón,Garzón (Huila),19.0,25.0
41,Huila,41530,Palestina,Palestina (Huila),3.0,25.0
8,Atlántico,8558,Polonuevo,Polonuevo (Atlántico),5.0,25.0
68,Santander,68780,Suratá,Suratá (Santander),1.0,25.0
54,Norte de Santander,54680,Santiago,Santiago (Norte de Santander),1.0,26.0
76,Valle del Cauca,76275,Florida,Florida (Valle del cauca),15.0,26.0
47,Magdalena,47980,Zona Bananera,Zona Bananera (Magdalena),20.0,26.0
25,Cundinamarca,25862,Vergara,Vergara (Cundinamarca),2.0,26.0
8,Atlántico,8372,Juan de Acosta,Juan de Acosta (Atlántico),6.0,26.0
50,Meta,50223,Cubarral,Cubarral (Meta),2.0,26.0
18,Caquetá,18479,Morelia,Morelia (Caquetá),1.0,26.0
19,Cauca,19100,Bolívar,Bolívar (Cauca),10.0,26.0
54,Norte de Santander,54660,Salazar,Salazar (Norte de Santander),3.0,26.0
25,Cundinamarca,25339,Gutiérrez,Gutiérrez (Cundinamarca),1.0,26.0
52,Nariño,52885,Yacuanquer,Yacuanquer (Nariño),3.0,26.0
5,Antioquia,5664,San Pedro de Los Milagros,San Pedro de Los Milagros (Antioquia),6.0,26.0
15,Boyacá,15162,Cerinza,Cerinza (Boyacá),1.0,26.0
44,La Guajira,44378,Hatonuevo,Hatonuevo (La Guajira),6.0,26.0
68,Santander,68820,Tona,Tona (Santander),2.0,26.0
73,Tolima,73770,Suárez,Suárez (Tolima),1.0,26.0
25,Cundinamarca,25245,El Colegio,El Colegio (Cundinamarca),7.0,26.0
13,Bolívar,13760,Soplaviento,Soplaviento (Bolívar),3.0,26.0
15,Boyacá,15820,Tópaga,Tópaga (Boyacá),1.0,26.0
73,Tolima,73449,Melgar,Melgar (Tolima),10.0,26.0
5,Antioquia,5591,Puerto Triunfo,Puerto Triunfo (Antioquia),5.0,26.0
5,Antioquia,5658,San José de La Montaña,San José de La Montaña (Antioquia),1.0,26.0
25,Cundinamarca,25817,Tocancipá,Tocancipá (Cundinamarca),12.0,26.0
13,Bolívar,13600,Río Viejo,Río Viejo (Bolívar),3.0,26.0
8,Atlántico,8560,Ponedera,Ponedera (Atlántico),7.0,27.0
52,Nariño,52323,Gualmatán,Gualmatán (Nariño),2.0,27.0
68,Santander,68500,Oiba,Oiba (Santander),3.0,27.0
13,Bolívar,13188,Cicuco,Cicuco (Bolívar),4.0,27.0
70,Sucre,70429,Majagual,Majagual (Sucre),11.0,27.0
76,Valle del Cauca,76109,Buenaventura,Buenaventura (Valle del cauca),87.0,27.0
15,Boyacá,15212,Coper,Coper (Boyacá),1.0,27.0
15,Boyacá,15377,Labranzagrande,Labranzagrande (Boyacá),1.0,27.0
20,Cesar,20060,Bosconia,Bosconia (Cesar),12.0,27.0
70,Sucre,70670,Sampués,Sampués (Sucre),14.0,27.0
23,Córdoba,23079,Buenavista,Buenavista (Córdoba),6.0,27.0
27,Chocó,27025,Alto Baudó,Alto Baudó (Chocó),8.0,27.0
47,Magdalena,47745,Sitionuevo,Sitionuevo (Magdalena),8.0,27.0
15,Boyacá,15690,Santa María,Santa María (Boyacá),1.0,27.0
27,Chocó,27075,Bahía Solano,Bahía Solano (Chocó),3.0,27.0
68,Santander,68079,Barichara,Barichara (Santander),3.0,27.0
76,Valle del Cauca,76113,Bugalagrande,Bugalagrande (Valle del cauca),7.0,27.0
66,Risaralda,66400,La Virginia,La Virginia (Risaralda),8.0,28.0
20,Cesar,20250,El Paso,El Paso (Cesar),12.0,28.0
25,Cundinamarca,25807,Tibirita,Tibirita (Cundinamarca),1.0,28.0
5,Antioquia,5607,Retiro,Retiro (Antioquia),7.0,28.0
25,Cundinamarca,25572,Puerto Salgar,Puerto Salgar (Cundinamarca),5.0,28.0
94,Guainía,94001,Inírida,Inírida (Guainía),10.0,28.0
54,Norte de Santander,54051,Arboledas,Arboledas (Norte de Santander),3.0,28.0
68,Santander,68745,Simacota,Simacota (Santander),3.0,28.0
41,Huila,41396,La Plata,La Plata (Huila),18.0,28.0
91,Amazonas,91001,Leticia,Leticia (Amazonas),15.0,28.0
68,Santander,68266,Enciso,Enciso (Santander),1.0,28.0
81,Arauca,81065,Arauquita,Arauquita (Arauca),17.0,28.0
5,Antioquia,5284,Frontino,Frontino (Antioquia),6.0,28.0
8,Atlántico,8549,Piojó,Piojó (Atlántico),2.0,28.0
50,Meta,50689,San Martín,San Martín (Meta),8.0,28.0
52,Nariño,52835,San Andrés de Tumaco,San Andrés de Tumaco (Nariño),75.0,28.0
52,Nariño,52411,Linares,Linares (Nariño),3.0,29.0
15,Boyacá,15673,San Mateo,San Mateo (Boyacá),1.0,29.0
15,Boyacá,15514,Páez,Páez (Boyacá),1.0,29.0
20,Cesar,20400,La Jagua de Ibirico,La Jagua de Ibirico (Cesar),15.0,29.0
25,Cundinamarca,25299,Gama,Gama (Cundinamarca),1.0,29.0
15,Boyacá,15810,Tipacoque,Tipacoque (Boyacá),1.0,29.0
19,Cauca,19532,Patía,Patía (Cauca),11.0,29.0
47,Magdalena,47030,Algarrobo,Algarrobo (Magdalena),5.0,29.0
5,Antioquia,5315,Guadalupe,Guadalupe (Antioquia),2.0,29.0
50,Meta,50226,Cumaral,Cumaral (Meta),7.0,29.0
73,Tolima,73547,Piedras,Piedras (Tolima),2.0,29.0
50,Meta,50110,Barranca de Upía,Barranca de Upía (Meta),2.0,29.0
20,Cesar,20175,Chimichagua,Chimichagua (Cesar),11.0,29.0
25,Cundinamarca,25769,Subachoque,Subachoque (Cundinamarca),5.0,29.0
8,Atlántico,8421,Luruaco,Luruaco (Atlántico),9.0,29.0
68,Santander,68162,Cerrito,Cerrito (Santander),2.0,29.0
85,Casanare,85400,Támara,Támara (Casanare),2.0,29.0
76,Valle del Cauca,76130,Candelaria,Candelaria (Valle del cauca),27.0,29.0
5,Antioquia,5154,Caucasia,Caucasia (Antioquia),28.0,29.0
52,Nariño,52079,Barbacoas,Barbacoas (Nariño),17.0,29.0
20,Cesar,20228,Curumaní,Curumaní (Cesar),12.0,29.0
15,Boyacá,15808,Tinjacá,Tinjacá (Boyacá),1.0,29.0
68,Santander,68368,Jesús María,Jesús María (Santander),1.0,29.0
15,Boyacá,15325,Guayatá,Guayatá (Boyacá),1.0,29.0
27,Chocó,27413,Lloró,Lloró (Chocó),3.0,29.0
20,Cesar,20770,San Martín,San Martín (Cesar),9.0,30.0
68,Santander,68895,Zapatoca,Zapatoca (Santander),3.0,30.0
15,Boyacá,15172,Chinavita,Chinavita (Boyacá),1.0,30.0
17,Caldas,17541,Pensilvania,Pensilvania (Caldas),6.0,30.0
85,Casanare,85010,Aguazul,Aguazul (Casanare),12.0,30.0
27,Chocó,27205,Condoto,Condoto (Chocó),4.0,30.0
13,Bolívar,13006,Achí,Achí (Bolívar),8.0,30.0
44,La Guajira,44430,Maicao,Maicao (La Guajira),58.0,30.0
25,Cundinamarca,25645,San Antonio del Tequendama,San Antonio del Tequendama (Cundinamarca),4.0,30.0
27,Chocó,27099,Bojayá,Bojayá (Chocó),4.0,30.0
15,Boyacá,15276,Floresta,Floresta (Boyacá),1.0,30.0
23,Córdoba,23686,San Pelayo,San Pelayo (Córdoba),16.0,30.0
15,Boyacá,15572,Puerto Boyacá,Puerto Boyacá (Boyacá),15.0,30.0
47,Magdalena,47545,Pijiño del Carmen,Pijiño del Carmen (Magdalena),4.0,30.0
15,Boyacá,15696,Santa Sofía,Santa Sofía (Boyacá),1.0,30.0
25,Cundinamarca,25398,La Peña,La Peña (Cundinamarca),2.0,31.0
86,Putumayo,86568,Puerto Asís,Puerto Asís (Putumayo),22.0,31.0
25,Cundinamarca,25281,Fosca,Fosca (Cundinamarca),2.0,31.0
70,Sucre,70713,San Onofre,San Onofre (Sucre),17.0,31.0
68,Santander,68755,Socorro,Socorro (Santander),11.0,31.0
5,Antioquia,5667,San Rafael,San Rafael (Antioquia),5.0,31.0
68,Santander,68209,Confines,Confines (Santander),1.0,31.0
85,Casanare,85440,Villanueva,Villanueva (Casanare),12.0,31.0
25,Cundinamarca,25324,Guataquí,Guataquí (Cundinamarca),1.0,31.0
15,Boyacá,15135,Campohermoso,Campohermoso (Boyacá),1.0,31.0
8,Atlántico,8770,Suan,Suan (Atlántico),4.0,31.0
19,Cauca,19418,López de Micay,López de Micay (Cauca),6.0,31.0
73,Tolima,73152,Casabianca,Casabianca (Tolima),2.0,31.0
50,Meta,50124,Cabuyaro,Cabuyaro (Meta),2.0,31.0
63,Quindio,63111,Buenavista,Buenavista (Quindío),1.0,31.0
15,Boyacá,15762,Sora,Sora (Boyacá),1.0,31.0
15,Boyacá,15131,Caldas,Caldas (Boyacá),1.0,31.0
5,Antioquia,5579,Puerto Berrío,Puerto Berrío (Antioquia),13.0,31.0
5,Antioquia,5147,Carepa,Carepa (Antioquia),16.0,31.0
47,Magdalena,47551,Pivijay,Pivijay (Magdalena),13.0,32.0
23,Córdoba,23670,San Andrés Sotavento,San Andrés Sotavento (Córdoba),16.0,32.0
68,Santander,68547,Piedecuesta,Piedecuesta (Santander),61.0,32.0
13,Bolívar,13673,Santa Catalina,Santa Catalina (Bolívar),5.0,32.0
15,Boyacá,15403,La Uvita,La Uvita (Boyacá),1.0,32.0
23,Córdoba,23350,La Apartada,La Apartada (Córdoba),5.0,32.0
8,Atlántico,8606,Repelón,Repelón (Atlántico),9.0,32.0
15,Boyacá,15753,Soatá,Soatá (Boyacá),3.0,32.0
20,Cesar,20013,Agustín Codazzi,Agustín Codazzi (Cesar),22.0,32.0
91,Amazonas,91405,La Chorrera,La Chorrera (Amazonas),1.0,32.0
20,Cesar,20614,Río de Oro,Río de Oro (Cesar),6.0,32.0
15,Boyacá,15299,Garagoa,Garagoa (Boyacá),6.0,32.0
8,Atlántico,8078,Baranoa,Baranoa (Atlántico),22.0,32.0
47,Magdalena,47605,Remolino,Remolino (Magdalena),4.0,32.0
41,Huila,41799,Tello,Tello (Huila),4.0,32.0
15,Boyacá,15248,El Espino,El Espino (Boyacá),1.0,32.0
54,Norte de Santander,54125,Cácota,Cácota (Norte de Santander),1.0,32.0
15,Boyacá,15676,San Miguel de Sema,San Miguel de Sema (Boyacá),1.0,32.0
25,Cundinamarca,25662,San Juan de Rioseco,San Juan de Rioseco (Cundinamarca),3.0,33.0
85,Casanare,85250,Paz de Ariporo,Paz de Ariporo (Casanare),13.0,33.0
44,La Guajira,44098,Distracción,Distracción (La Guajira),5.0,33.0
86,Putumayo,86320,Orito,Orito (Putumayo),13.0,33.0
20,Cesar,20238,El Copey,El Copey (Cesar),11.0,33.0
17,Caldas,17495,Norcasia,Norcasia (Caldas),2.0,33.0
15,Boyacá,15761,Somondoco,Somondoco (Boyacá),1.0,33.0
86,Putumayo,86755,San Francisco,San Francisco (Putumayo),2.0,33.0
52,Nariño,52683,Sandoná,Sandoná (Nariño),7.0,33.0
70,Sucre,70204,Coloso,Coloso (Sucre),3.0,33.0
5,Antioquia,5837,Turbo,Turbo (Antioquia),43.0,33.0
68,Santander,68296,Galán,Galán (Santander),1.0,33.0
52,Nariño,52678,Samaniego,Samaniego (Nariño),10.0,34.0
52,Nariño,52520,Francisco Pizarro,Francisco Pizarro (Nariño),5.0,34.0
15,Boyacá,15187,Chivatá,Chivatá (Boyacá),1.0,34.0
70,Sucre,70742,San Luis de Sincé,San Luis de Sincé (Sucre),11.0,34.0
85,Casanare,85430,Trinidad,Trinidad (Casanare),5.0,34.0
68,Santander,68169,Charta,Charta (Santander),1.0,34.0
68,Santander,68176,Chimá,Chimá (Santander),1.0,34.0
5,Antioquia,5490,Necoclí,Necoclí (Antioquia),15.0,34.0
66,Risaralda,66456,Mistrató,Mistrató (Risaralda),6.0,34.0
15,Boyacá,15293,Gachantivá,Gachantivá (Boyacá),1.0,34.0
50,Meta,50573,Puerto López,Puerto López (Meta),11.0,34.0
15,Boyacá,15879,Viracachá,Viracachá (Boyacá),1.0,34.0
27,Chocó,27160,Cértegui,Cértegui (Chocó),2.0,34.0
27,Chocó,27600,Río Quito,Río Quito (Chocó),3.0,34.0
88,Archipiélago de San Andrés,88564,Providencia,Providencia (San Andrés y Providencia),2.0,34.0
15,Boyacá,15516,Paipa,Paipa (Boyacá),12.0,34.0
8,Atlántico,8141,Candelaria,Candelaria (Atlántico),6.0,34.0
15,Boyacá,15469,Moniquirá,Moniquirá (Boyacá),8.0,34.0
44,La Guajira,44874,Villanueva,Villanueva (La Guajira),11.0,34.0
73,Tolima,73226,Cunday,Cunday (Tolima),3.0,34.0
27,Chocó,27073,Bagadó,Bagadó (Chocó),4.0,35.0
41,Huila,41551,Pitalito,Pitalito (Huila),46.0,35.0
76,Valle del Cauca,76892,Yumbo,Yumbo (Valle del cauca),38.0,35.0
13,Bolívar,13620,San Cristóbal,San Cristóbal (Bolívar),3.0,35.0
47,Magdalena,47189,Ciénaga,Ciénaga (Magdalena),45.0,35.0
73,Tolima,73349,Honda,Honda (Tolima),9.0,35.0
25,Cundinamarca,25594,Quetame,Quetame (Cundinamarca),2.0,35.0
20,Cesar,20178,Chiriguaná,Chiriguaná (Cesar),11.0,35.0
15,Boyacá,15322,Guateque,Guateque (Boyacá),4.0,35.0
54,Norte de Santander,54820,Toledo,Toledo (Norte de Santander),6.0,35.0
19,Cauca,19548,Piendamó - Tunía,Piendamó - Tunía (Cauca),15.0,35.0
68,Santander,68861,Vélez,Vélez (Santander),9.0,35.0
47,Magdalena,47798,Tenerife,Tenerife (Magdalena),5.0,35.0
27,Chocó,27450,Medio San Juan,Medio San Juan (Chocó),4.0,35.0
15,Boyacá,15218,Covarachía,Covarachía (Boyacá),1.0,35.0
25,Cundinamarca,25288,Fúquene,Fúquene (Cundinamarca),2.0,36.0
25,Cundinamarca,25095,Bituima,Bituima (Cundinamarca),1.0,36.0
25,Cundinamarca,25035,Anapoima,Anapoima (Cundinamarca),6.0,36.0
25,Cundinamarca,25875,Villeta,Villeta (Cundinamarca),11.0,36.0
25,Cundinamarca,25839,Ubalá,Ubalá (Cundinamarca),3.0,36.0
13,Bolívar,13836,Turbaco,Turbaco (Bolívar),41.0,36.0
5,Antioquia,5004,Abriaquí,Abriaquí (Antioquia),1.0,36.0
15,Boyacá,15380,La Capilla,La Capilla (Boyacá),1.0,36.0
52,Nariño,52699,Santacruz,Santacruz (Nariño),4.0,36.0
27,Chocó,27660,San José del Palmar,San José del Palmar (Chocó),2.0,36.0
27,Chocó,27787,Tadó,Tadó (Chocó),7.0,36.0
52,Nariño,52788,Tangua,Tangua (Nariño),5.0,36.0
19,Cauca,19809,Timbiquí,Timbiquí (Cauca),10.0,36.0
70,Sucre,70400,La Unión,La Unión (Sucre),5.0,36.0
15,Boyacá,15774,Susacón,Susacón (Boyacá),1.0,36.0
86,Putumayo,86865,Valle del Guamuez,Valle del Guamuez (Putumayo),13.0,37.0
8,Atlántico,8137,Campo de La Cruz,Campo de La Cruz (Atlántico),9.0,37.0
11,"Bogotá, D.C.",11001,"Bogotá, D.C.","Bogotá, D.C. (Bogotá D.C)",2892.0,37.0
8,Atlántico,8832,Tubará,Tubará (Atlántico),7.0,37.0
13,Bolívar,13688,Santa Rosa del Sur,Santa Rosa del Sur (Bolívar),13.0,37.0
52,Nariño,52838,Túquerres,Túquerres (Nariño),17.0,37.0
68,Santander,68264,Encino,Encino (Santander),1.0,37.0
70,Sucre,70265,Guaranda,Guaranda (Sucre),7.0,37.0
13,Bolívar,13433,Mahates,Mahates (Bolívar),11.0,37.0
23,Córdoba,23182,Chinú,Chinú (Córdoba),19.0,37.0
15,Boyacá,15236,Chivor,Chivor (Boyacá),1.0,38.0
25,Cundinamarca,25898,Zipacón,Zipacón (Cundinamarca),2.0,38.0
13,Bolívar,13657,San Juan Nepomuceno,San Juan Nepomuceno (Bolívar),15.0,38.0
52,Nariño,52693,San Pablo,San Pablo (Nariño),6.0,38.0
50,Meta,50006,Acacías,Acacías (Meta),36.0,38.0
70,Sucre,70820,Santiago de Tolú,Santiago de Tolú (Sucre),13.0,38.0
15,Boyacá,15215,Corrales,Corrales (Boyacá),1.0,38.0
52,Nariño,52490,Olaya Herrera,Olaya Herrera (Nariño),10.0,38.0
68,Santander,68524,Palmas del Socorro,Palmas del Socorro (Santander),1.0,38.0
68,Santander,68686,San Miguel,San Miguel (Santander),1.0,38.0
70,Sucre,70708,San Marcos,San Marcos (Sucre),23.0,38.0
68,Santander,68217,Coromoro,Coromoro (Santander),2.0,38.0
5,Antioquia,5475,Murindó,Murindó (Antioquia),2.0,38.0
70,Sucre,70523,Palmito,Palmito (Sucre),6.0,38.0
25,Cundinamarca,25483,Nariño,Nariño (Cundinamarca),1.0,38.0
23,Córdoba,23162,Cereté,Cereté (Córdoba),43.0,38.0
15,Boyacá,15511,Pachavita,Pachavita (Boyacá),1.0,39.0
13,Bolívar,13894,Zambrano,Zambrano (Bolívar),5.0,39.0
54,Norte de Santander,54001,San José de Cúcuta,San José de Cúcuta (Norte de Santander),312.0,39.0
5,Antioquia,5819,Toledo,Toledo (Antioquia),2.0,39.0
15,Boyacá,15580,Quípama,Quípama (Boyacá),2.0,39.0
8,Atlántico,8634,Sabanagrande,Sabanagrande (Atlántico),14.0,39.0
70,Sucre,70678,San Benito Abad,San Benito Abad (Sucre),12.0,39.0
70,Sucre,70823,Tolú Viejo,Tolú Viejo (Sucre),9.0,39.0
15,Boyacá,15518,Pajarito,Pajarito (Boyacá),1.0,40.0
76,Valle del Cauca,76895,Zarzal,Zarzal (Valle del cauca),17.0,40.0
5,Antioquia,5400,La Unión,La Unión (Antioquia),9.0,40.0
52,Nariño,52317,Guachucal,Guachucal (Nariño),8.0,40.0
47,Magdalena,47707,Santa Ana,Santa Ana (Magdalena),11.0,40.0
23,Córdoba,23855,Valencia,Valencia (Córdoba),15.0,40.0
18,Caquetá,18001,Florencia,Florencia (Caquetá),70.0,40.0
70,Sucre,70717,San Pedro,San Pedro (Sucre),8.0,40.0
85,Casanare,85015,Chámeza,Chámeza (Casanare),1.0,40.0
23,Córdoba,23466,Montelíbano,Montelíbano (Córdoba),34.0,40.0
25,Cundinamarca,25368,Jerusalén,Jerusalén (Cundinamarca),1.0,40.0
68,Santander,68705,Santa Bárbara,Santa Bárbara (Santander),1.0,40.0
13,Bolívar,13442,María La Baja,María La Baja (Bolívar),20.0,40.0
15,Boyacá,15621,Rondón,Rondón (Boyacá),1.0,40.0
52,Nariño,52720,Sapuyes,Sapuyes (Nariño),3.0,40.0
20,Cesar,20787,Tamalameque,Tamalameque (Cesar),7.0,41.0
88,Archipiélago de San Andrés,88001,San Andrés,San Andrés (San Andrés y Providencia),23.0,41.0
68,Santander,68322,Guapotá,Guapotá (Santander),1.0,41.0
25,Cundinamarca,25805,Tibacuy,Tibacuy (Cundinamarca),2.0,41.0
50,Meta,50325,Mapiripán,Mapiripán (Meta),3.0,41.0
52,Nariño,52260,El Tambo,El Tambo (Nariño),6.0,41.0
5,Antioquia,5266,Envigado,Envigado (Antioquia),101.0,41.0
44,La Guajira,44035,Albania,Albania (La Guajira),14.0,41.0
76,Valle del Cauca,76248,El Cerrito,El Cerrito (Valle del cauca),24.0,42.0
54,Norte de Santander,54109,Bucarasica,Bucarasica (Norte de Santander),3.0,42.0
70,Sucre,70702,San Juan de Betulia,San Juan de Betulia (Sucre),6.0,42.0
25,Cundinamarca,25851,Útica,Útica (Cundinamarca),2.0,42.0
47,Magdalena,47555,Plato,Plato (Magdalena),29.0,42.0
70,Sucre,70230,Chalán,Chalán (Sucre),2.0,42.0
20,Cesar,20310,González,González (Cesar),2.0,42.0
5,Antioquia,5873,Vigía del Fuerte,Vigía del Fuerte (Antioquia),4.0,42.0
25,Cundinamarca,25326,Guatavita,Guatavita (Cundinamarca),3.0,42.0
52,Nariño,52320,Guaitarilla,Guaitarilla (Nariño),5.0,42.0
70,Sucre,70235,Galeras,Galeras (Sucre),10.0,42.0
23,Córdoba,23570,Pueblo Nuevo,Pueblo Nuevo (Córdoba),16.0,42.0
68,Santander,68276,Floridablanca,Floridablanca (Santander),138.0,42.0
85,Casanare,85162,Monterrey,Monterrey (Casanare),8.0,42.0
19,Cauca,19318,Guapi,Guapi (Cauca),12.0,42.0
68,Santander,68344,Hato,Hato (Santander),1.0,42.0
27,Chocó,27361,Istmina,Istmina (Chocó),14.0,43.0
47,Magdalena,47205,Concordia,Concordia (Magdalena),5.0,43.0
23,Córdoba,23417,Lorica,Lorica (Córdoba),50.0,43.0
76,Valle del Cauca,76890,Yotoco,Yotoco (Valle del cauca),7.0,43.0
23,Córdoba,23464,Momil,Momil (Córdoba),9.0,43.0
13,Bolívar,13244,El Carmen de Bolívar,El Carmen de Bolívar (Bolívar),32.0,43.0
19,Cauca,19693,San Sebastián,San Sebastián (Cauca),5.0,43.0
68,Santander,68867,Vetas,Vetas (Santander),1.0,43.0
15,Boyacá,15106,Briceño,Briceño (Boyacá),1.0,44.0
68,Santander,68682,San Joaquín,San Joaquín (Santander),1.0,44.0
76,Valle del Cauca,76036,Andalucía,Andalucía (Valle del cauca),10.0,44.0
20,Cesar,20710,San Alberto,San Alberto (Cesar),13.0,44.0
15,Boyacá,15720,Sativanorte,Sativanorte (Boyacá),1.0,44.0
47,Magdalena,47245,El Banco,El Banco (Magdalena),32.0,44.0
85,Casanare,85315,Sácama,Sácama (Casanare),1.0,44.0
23,Córdoba,23555,Planeta Rica,Planeta Rica (Córdoba),30.0,44.0
81,Arauca,81736,Saravena,Saravena (Arauca),28.0,44.0
25,Cundinamarca,25518,Paime,Paime (Cundinamarca),2.0,44.0
76,Valle del Cauca,76147,Cartago,Cartago (Valle del cauca),64.0,45.0
76,Valle del Cauca,76520,Palmira,Palmira (Valle del cauca),162.0,45.0
25,Cundinamarca,25386,La Mesa,La Mesa (Cundinamarca),17.0,45.0
76,Valle del Cauca,76318,Guacarí,Guacarí (Valle del cauca),16.0,45.0
68,Santander,68235,El Carmen de Chucurí,El Carmen de Chucurí (Santander),10.0,45.0
5,Antioquia,5001,Medellín,Medellín (Antioquia),1167.0,45.0
68,Santander,68245,El Guacamayo,El Guacamayo (Santander),1.0,45.0
50,Meta,50150,Castilla la Nueva,Castilla la Nueva (Meta),7.0,45.0
68,Santander,68425,Macaravita,Macaravita (Santander),1.0,45.0
68,Santander,68132,California,California (Santander),1.0,45.0
52,Nariño,52036,Ancuya,Ancuya (Nariño),4.0,45.0
52,Nariño,52083,Belén,Belén (Nariño),3.0,45.0
99,Vichada,99624,Santa Rosalía,Santa Rosalía (Vichada),2.0,45.0
13,Bolívar,13160,Cantagallo,Cantagallo (Bolívar),4.0,45.0
25,Cundinamarca,25290,Fusagasugá,Fusagasugá (Cundinamarca),74.0,46.0
47,Magdalena,47703,San Zenón,San Zenón (Magdalena),6.0,46.0
70,Sucre,70215,Corozal,Corozal (Sucre),32.0,46.0
15,Boyacá,15244,El Cocuy,El Cocuy (Boyacá),2.0,46.0
13,Bolívar,13212,Córdoba,Córdoba (Bolívar),8.0,46.0
52,Nariño,52621,Roberto Payán,Roberto Payán (Nariño),6.0,46.0
52,Nariño,52427,Magüí,Magüí (Nariño),12.0,46.0
50,Meta,50313,Granada,Granada (Meta),34.0,46.0
91,Amazonas,91263,El Encanto,El Encanto (Amazonas),1.0,47.0
73,Tolima,73268,Espinal,Espinal (Tolima),35.0,47.0
52,Nariño,52227,Cumbal,Cumbal (Nariño),18.0,47.0
54,Norte de Santander,54518,Pamplona,Pamplona (Norte de Santander),26.0,47.0
68,Santander,68432,Málaga,Málaga (Santander),10.0,47.0
52,Nariño,52256,El Rosario,El Rosario (Nariño),6.0,47.0
20,Cesar,20750,San Diego,San Diego (Cesar),10.0,47.0
76,Valle del Cauca,76001,Cali,Cali (Valle del cauca),1064.0,47.0
54,Norte de Santander,54398,La Playa,La Playa (Norte de Santander),4.0,47.0
19,Cauca,19698,Santander de Quilichao,Santander de Quilichao (Cauca),54.0,47.0
68,Santander,68160,Cepitá,Cepitá (Santander),1.0,48.0
44,La Guajira,44078,Barrancas,Barrancas (La Guajira),20.0,48.0
5,Antioquia,5107,Briceño,Briceño (Antioquia),4.0,48.0
76,Valle del Cauca,76834,Tuluá,Tuluá (Valle del cauca),110.0,48.0
13,Bolívar,13468,Mompós,Mompós (Bolívar),23.0,48.0
52,Nariño,52250,El Charco,El Charco (Nariño),11.0,48.0
95,Guaviare,95001,San José del Guaviare,San José del Guaviare (Guaviare),29.0,49.0
70,Sucre,70233,El Roble,El Roble (Sucre),5.0,49.0
81,Arauca,81001,Arauca,Arauca (Arauca),48.0,49.0
23,Córdoba,23586,Purísima de La Concepción,Purísima de La Concepción (Córdoba),9.0,49.0
8,Atlántico,8685,Santo Tomás,Santo Tomás (Atlántico),16.0,49.0
15,Boyacá,15092,Betéitiva,Betéitiva (Boyacá),1.0,49.0
13,Bolívar,13430,Magangué,Magangué (Bolívar),70.0,49.0
68,Santander,68092,Betulia,Betulia (Santander),3.0,49.0
44,La Guajira,44090,Dibulla,Dibulla (La Guajira),22.0,49.0
47,Magdalena,47541,Pedraza,Pedraza (Magdalena),5.0,49.0
68,Santander,68121,Cabrera,Cabrera (Santander),1.0,50.0
68,Santander,68255,El Playón,El Playón (Santander),7.0,50.0
15,Boyacá,15022,Almeida,Almeida (Boyacá),1.0,50.0
15,Boyacá,15442,Maripí,Maripí (Boyacá),3.0,50.0
15,Boyacá,15176,Chiquinquirá,Chiquinquirá (Boyacá),30.0,50.0
76,Valle del Cauca,76111,Guadalajara de Buga,Guadalajara de Buga (Valle del cauca),67.0,50.0
54,Norte de Santander,54498,Ocaña,Ocaña (Norte de Santander),67.0,50.0
47,Magdalena,47692,San Sebastián de Buenavista,San Sebastián de Buenavista (Magdalena),11.0,50.0
52,Nariño,52215,Córdoba,Córdoba (Nariño),8.0,50.0
17,Caldas,17001,Manizales,Manizales (Caldas),226.0,50.0
44,La Guajira,44420,La Jagua del Pilar,La Jagua del Pilar (La Guajira),2.0,50.0
8,Atlántico,8638,Sabanalarga,Sabanalarga (Atlántico),52.0,51.0
13,Bolívar,13042,Arenal,Arenal (Bolívar),4.0,51.0
47,Magdalena,47675,Salamina,Salamina (Magdalena),6.0,51.0
44,La Guajira,44279,Fonseca,Fonseca (La Guajira),25.0,51.0
81,Arauca,81300,Fortul,Fortul (Arauca),12.0,51.0
50,Meta,50568,Puerto Gaitán,Puerto Gaitán (Meta),23.0,51.0
17,Caldas,17380,La Dorada,La Dorada (Caldas),38.0,51.0
25,Cundinamarca,25871,Villagómez,Villagómez (Cundinamarca),1.0,51.0
68,Santander,68013,Aguada,Aguada (Santander),1.0,52.0
47,Magdalena,47660,Sabanas de San Ángel,Sabanas de San Ángel (Magdalena),9.0,52.0
68,Santander,68081,Barrancabermeja,Barrancabermeja (Santander),110.0,52.0
73,Tolima,73616,Rioblanco,Rioblanco (Tolima),12.0,52.0
47,Magdalena,47720,Santa Bárbara de Pinto,Santa Bárbara de Pinto (Magdalena),6.0,52.0
94,Guainía,94883,San Felipe,San Felipe (Guainía),1.0,52.0
68,Santander,68077,Barbosa,Barbosa (Santander),17.0,52.0
15,Boyacá,15317,Guacamayas,Guacamayas (Boyacá),1.0,52.0
86,Putumayo,86760,Santiago,Santiago (Putumayo),4.0,53.0
70,Sucre,70221,Coveñas,Coveñas (Sucre),11.0,53.0
91,Amazonas,91669,Puerto Santander,Puerto Santander (Amazonas),1.0,53.0
91,Amazonas,91460,Miriti - Paraná,Miriti - Paraná (Amazonas),1.0,53.0
25,Cundinamarca,25843,Villa de San Diego de Ubaté,Villa de San Diego de Ubaté (Cundinamarca),26.0,53.0
52,Nariño,52685,San Bernardo,San Bernardo (Nariño),5.0,53.0
68,Santander,68773,Sucre,Sucre (Santander),4.0,53.0
15,Boyacá,15226,Cuítiva,Cuítiva (Boyacá),1.0,53.0
52,Nariño,52258,El Tablón de Gómez,El Tablón de Gómez (Nariño),8.0,54.0
15,Boyacá,15550,Pisba,Pisba (Boyacá),1.0,54.0
19,Cauca,19701,Santa Rosa,Santa Rosa (Cauca),3.0,54.0
50,Meta,50245,El Calvario,El Calvario (Meta),1.0,54.0
25,Cundinamarca,25126,Cajicá,Cajicá (Cundinamarca),51.0,54.0
76,Valle del Cauca,76122,Caicedonia,Caicedonia (Valle del cauca),16.0,54.0
5,Antioquia,5631,Sabaneta,Sabaneta (Antioquia),48.0,54.0
70,Sucre,70110,Buenavista,Buenavista (Sucre),6.0,54.0
47,Magdalena,47161,Cerro de San Antonio,Cerro de San Antonio (Magdalena),6.0,55.0
70,Sucre,70508,Ovejas,Ovejas (Sucre),13.0,55.0
23,Córdoba,23660,Sahagún,Sahagún (Córdoba),63.0,55.0
50,Meta,50001,Villavicencio,Villavicencio (Meta),319.0,56.0
47,Magdalena,47960,Zapayán,Zapayán (Magdalena),6.0,56.0
20,Cesar,20011,Aguachica,Aguachica (Cesar),69.0,56.0
15,Boyacá,15522,Panqueba,Panqueba (Boyacá),1.0,57.0
52,Nariño,52687,San Lorenzo,San Lorenzo (Nariño),11.0,57.0
68,Santander,68720,Santa Helena del Opón,Santa Helena del Opón (Santander),2.0,57.0
15,Boyacá,15759,Sogamoso,Sogamoso (Boyacá),77.0,57.0
52,Nariño,52110,Buesaco,Buesaco (Nariño),14.0,57.0
25,Cundinamarca,25592,Quebradanegra,Quebradanegra (Cundinamarca),3.0,57.0
52,Nariño,52696,Santa Bárbara,Santa Bárbara (Nariño),8.0,57.0
27,Chocó,27745,Sipí,Sipí (Chocó),2.0,57.0
15,Boyacá,15238,Duitama,Duitama (Boyacá),76.0,58.0
13,Bolívar,13001,Cartagena de Indias,Cartagena de Indias (Bolívar),604.0,58.0
52,Nariño,52399,La Unión,La Unión (Nariño),19.0,58.0
15,Boyacá,15660,San Eduardo,San Eduardo (Boyacá),1.0,58.0
81,Arauca,81591,Puerto Rondón,Puerto Rondón (Arauca),3.0,59.0
86,Putumayo,86001,Mocoa,Mocoa (Putumayo),37.0,59.0
76,Valle del Cauca,76622,Roldanillo,Roldanillo (Valle del cauca),22.0,59.0
27,Chocó,27135,El Cantón del San Pablo,El Cantón del San Pablo (Chocó),4.0,60.0
52,Nariño,52001,Pasto,Pasto (Nariño),246.0,60.0
41,Huila,41001,Neiva,Neiva (Huila),225.0,60.0
15,Boyacá,15090,Berbeo,Berbeo (Boyacá),1.0,60.0
5,Antioquia,5501,Olaya,Olaya (Antioquia),2.0,61.0
76,Valle del Cauca,76100,Bolívar,Bolívar (Valle del cauca),10.0,61.0
86,Putumayo,86749,Sibundoy,Sibundoy (Putumayo),10.0,61.0
66,Risaralda,66001,Pereira,Pereira (Risaralda),295.0,61.0
8,Atlántico,8001,Barranquilla,Barranquilla (Atlántico),817.0,62.0
15,Boyacá,15832,Tununguá,Tununguá (Boyacá),1.0,62.0
47,Magdalena,47288,Fundación,Fundación (Magdalena),46.0,63.0
5,Antioquia,5045,Apartadó,Apartadó (Antioquia),82.0,63.0
81,Arauca,81794,Tame,Tame (Arauca),33.0,63.0
20,Cesar,20001,Valledupar,Valledupar (Cesar),349.0,64.0
52,Nariño,52612,Ricaurte,Ricaurte (Nariño),13.0,64.0
85,Casanare,85279,Recetor,Recetor (Casanare),1.0,64.0
52,Nariño,52356,Ipiales,Ipiales (Nariño),78.0,65.0
25,Cundinamarca,25307,Girardot,Girardot (Cundinamarca),75.0,65.0
68,Santander,68679,San Gil,San Gil (Santander),41.0,66.0
63,Quindio,63001,Armenia,Armenia (Quindío),202.0,66.0
47,Magdalena,47001,Santa Marta,Santa Marta (Magdalena),360.0,66.0
68,Santander,68673,San Benito,San Benito (Santander),2.0,66.0
73,Tolima,73001,Ibagué,Ibagué (Tolima),363.0,67.0
52,Nariño,52378,La Cruz,La Cruz (Nariño),13.0,67.0
19,Cauca,19001,Popayán,Popayán (Cauca),229.0,68.0
68,Santander,68522,Palmar,Palmar (Santander),1.0,68.0
52,Nariño,52203,Colón,Colón (Nariño),6.0,68.0
27,Chocó,27810,Unión Panamericana,Unión Panamericana (Chocó),5.0,69.0
86,Putumayo,86219,Colón,Colón (Putumayo),4.0,70.0
44,La Guajira,44001,Riohacha,Riohacha (La Guajira),153.0,70.0
52,Nariño,52786,Taminango,Taminango (Nariño),13.0,71.0
85,Casanare,85001,Yopal,Yopal (Casanare),133.0,71.0
85,Casanare,85136,La Salina,La Salina (Casanare),1.0,72.0
25,Cundinamarca,25596,Quipile,Quipile (Cundinamarca),5.0,72.0
68,Santander,68370,Jordán,Jordán (Santander),1.0,73.0
15,Boyacá,15533,Paya,Paya (Boyacá),2.0,73.0
50,Meta,50686,San Juanito,San Juanito (Meta),1.0,73.0
70,Sucre,70473,Morroa,Morroa (Sucre),12.0,74.0
17,Caldas,17446,Marulanda,Marulanda (Caldas),2.0,74.0
25,Cundinamarca,25175,Chía,Chía (Cundinamarca),114.0,74.0
52,Nariño,52354,Imués,Imués (Nariño),6.0,76.0
52,Nariño,52240,Chachagüí,Chachagüí (Nariño),12.0,76.0
23,Córdoba,23001,Montería,Montería (Córdoba),394.0,76.0
52,Nariño,52381,La Florida,La Florida (Nariño),8.0,77.0
52,Nariño,52051,Arboleda,Arboleda (Nariño),7.0,78.0
68,Santander,68001,Bucaramanga,Bucaramanga (Santander),475.0,78.0
68,Santander,68211,Contratación,Contratación (Santander),3.0,79.0
52,Nariño,52390,La Tola,La Tola (Nariño),6.0,79.0
52,Nariño,52573,Puerres,Puerres (Nariño),7.0,80.0
25,Cundinamarca,25580,Pulí,Pulí (Cundinamarca),3.0,81.0
52,Nariño,52233,Cumbitara,Cumbitara (Nariño),5.0,82.0
5,Antioquia,5615,Rionegro,Rionegro (Antioquia),119.0,82.0
15,Boyacá,15114,Busbanzá,Busbanzá (Boyacá),1.0,84.0
15,Boyacá,15401,La Victoria,La Victoria (Boyacá),1.0,85.0
70,Sucre,70001,Sincelejo,Sincelejo (Sucre),263.0,86.0
15,Boyacá,15723,Sativasur,Sativasur (Boyacá),1.0,88.0
97,Vaupés,97001,Mitú,Mitú (Vaupés),30.0,90.0
52,Nariño,52019,Albán,Albán (Nariño),9.0,91.0
91,Amazonas,91536,Puerto Arica,Puerto Arica (Amazonas),1.0,93.0
15,Boyacá,15839,Tutazá,Tutazá (Boyacá),2.0,94.0
52,Nariño,52560,Potosí,Potosí (Nariño),10.0,94.0
52,Nariño,52435,Mallama,Mallama (Nariño),9.0,96.0
52,Nariño,52540,Policarpa,Policarpa (Nariño),10.0,98.0
15,Boyacá,15362,Iza,Iza (Boyacá),2.0,98.0
25,Cundinamarca,25086,Beltrán,Beltrán (Cundinamarca),2.0,100.0
15,Boyacá,15500,Oicatá,Oicatá (Boyacá),3.0,100.0
44,La Guajira,44650,San Juan del Cesar,San Juan del Cesar (La Guajira),54.0,101.0
27,Chocó,27580,Río Iró,Río Iró (Chocó),6.0,106.0
15,Boyacá,15001,Tunja,Tunja (Boyacá),195.0,106.0
8,Atlántico,8573,Puerto Colombia,Puerto Colombia (Atlántico),58.0,107.0
27,Chocó,27001,Quibdó,Quibdó (Chocó),149.0,107.0
97,Vaupés,97777,Papunahua,Papunahua (Vaupés),1.0,128.0
91,Amazonas,91530,Puerto Alegría,Puerto Alegría (Amazonas),1.0,129.0
97,Vaupés,97161,Carurú,Carurú (Vaupés),5.0,147.0
91,Amazonas,91430,La Victoria,La Victoria (Amazonas),1.0,150.0
97,Vaupés,97666,Taraira,Taraira (Vaupés),4.0,161.0
97,Vaupés,97511,Pacoa,Pacoa (Vaupés),10.0,219.0
97,Vaupés,97889,Yavaraté,Yavaraté (Vaupés),5.0,427.0
